author,subreddit,month,year,num_posts,avg_upvote,num_replies
00plebian,dataisbeautiful,2,2021,1.0,0.89,3.0
120Macky,dataisbeautiful,9,2020,1.0,0.92,0.0
123Rhor,dataisbeautiful,2,2021,0.0,0.0,1.0
123usernamepassword,dataisbeautiful,2,2021,0.0,0.0,1.0
1BannedAgain,dataisbeautiful,2,2021,0.0,0.0,2.0
1hakr,dataisbeautiful,2,2020,1.0,0.91,0.0
41942319,dataisbeautiful,2,2021,0.0,0.0,1.0
5th_degree_burns,dataisbeautiful,2,2021,0.0,0.0,1.0
7UPvote,dataisbeautiful,11,2018,1.0,0.9,0.0
8521456,dataisbeautiful,2,2021,0.0,0.0,1.0
8null8,dataisbeautiful,2,2021,0.0,0.0,1.0
A6M_Zero,dataisbeautiful,2,2021,0.0,0.0,1.0
AAAbbasi786,dataisbeautiful,5,2020,1.0,0.95,0.0
ABCosmos,dataisbeautiful,1,2017,1.0,0.81,0.0
AFBismarck,dataisbeautiful,6,2020,1.0,0.68,0.0
AKWorld135,dataisbeautiful,5,2020,2.0,0.875,0.0
ATastyPeanut,dataisbeautiful,7,2018,1.0,0.92,0.0
AUSinUSA,dataisbeautiful,9,2020,1.0,0.9,0.0
AUSinUSA,dataisbeautiful,11,2020,1.0,0.94,0.0
A_Regular_Old_Human,dataisbeautiful,2,2021,1.0,0.92,0.0
AbortedBaconFetus,dataisbeautiful,2,2021,0.0,0.0,1.0
Accomplished_War_805,dataisbeautiful,2,2021,0.0,0.0,1.0
AccountF4rCommentng,dataisbeautiful,2,2021,0.0,0.0,1.0
AceTrainer_Li-Wang,dataisbeautiful,8,2017,1.0,0.75,0.0
Actual1y,dataisbeautiful,2,2021,0.0,0.0,1.0
ActualMonday,dataisbeautiful,2,2021,0.0,0.0,1.0
Adamsoski,dataisbeautiful,2,2021,0.0,0.0,1.0
Adeno,dataisbeautiful,2,2021,0.0,0.0,1.0
AdmiralFoxx,dataisbeautiful,2,2021,0.0,0.0,1.0
AellaGirl,dataisbeautiful,7,2020,1.0,0.92,0.0
Aeromidd,dataisbeautiful,1,2021,1.0,0.89,0.0
Agent_of_Helium,dataisbeautiful,7,2017,1.0,0.88,0.0
Agreeablebunions,dataisbeautiful,2,2021,0.0,0.0,2.0
Aileric,dataisbeautiful,2,2021,0.0,0.0,2.0
Albaholly,dataisbeautiful,2,2021,0.0,0.0,1.0
AlbinoInterior,dataisbeautiful,11,2020,1.0,0.81,0.0
Alexander_Varlamov,dataisbeautiful,12,2020,1.0,0.9,0.0
AllSparks,dataisbeautiful,5,2017,1.0,0.91,0.0
Aloiciousss,dataisbeautiful,11,2019,1.0,0.82,0.0
AlphabettiSpaghetti-,dataisbeautiful,2,2021,0.0,0.0,1.0
Alt_dimension_visitr,dataisbeautiful,2,2021,0.0,0.0,2.0
AmpleBeans,dataisbeautiful,2,2021,0.0,0.0,1.0
Andjhostet,dataisbeautiful,2,2021,0.0,0.0,1.0
AndroxxTraxxon,dataisbeautiful,2,2021,0.0,0.0,1.0
AndyClarke527,dataisbeautiful,2,2021,1.0,0.82,0.0
AngelOfMeh,dataisbeautiful,2,2021,0.0,0.0,3.0
AngryFish98,dataisbeautiful,2,2021,0.0,0.0,1.0
AnonymousMonk99,dataisbeautiful,7,2020,1.0,0.88,0.0
AnotherGit,dataisbeautiful,2,2021,0.0,0.0,1.0
AnotherJeremy2,dataisbeautiful,4,2020,1.0,0.9,0.0
Antovigo,dataisbeautiful,7,2020,1.0,0.92,0.0
Apartment_List,dataisbeautiful,10,2019,1.0,0.93,0.0
ArnoldArmstrong1990,dataisbeautiful,2,2021,0.0,0.0,1.0
AstroKsiezyc,dataisbeautiful,5,2020,1.0,0.92,0.0
AutoModerator,dataisbeautiful,2,2021,0.0,0.0,9.0
AvidCircleJerker,dataisbeautiful,2,2021,0.0,0.0,4.0
AvpTheMuse123,dataisbeautiful,2,2021,0.0,0.0,1.0
Awesome_Chinchillas,dataisbeautiful,7,2020,1.0,0.91,0.0
Awesomevindicator,dataisbeautiful,2,2021,0.0,0.0,1.0
Aww_Uglyduckling,dataisbeautiful,2,2021,0.0,0.0,1.0
B-Knight,dataisbeautiful,2,2021,0.0,0.0,1.0
BB_Bandito,dataisbeautiful,2,2021,0.0,0.0,1.0
BFE2000,dataisbeautiful,10,2020,1.0,0.9,0.0
BINGODINGODONG,dataisbeautiful,2,2021,0.0,0.0,1.0
BPC3,dataisbeautiful,2,2021,0.0,0.0,2.0
BRENNEJM,dataisbeautiful,2,2021,0.0,0.0,1.0
BRENNEJM,dataisbeautiful,7,2020,1.0,0.9,0.0
BZW77,dataisbeautiful,10,2018,1.0,0.92,0.0
BaconDigest,dataisbeautiful,2,2021,0.0,0.0,1.0
BaileyWarr3n,dataisbeautiful,2,2021,0.0,0.0,1.0
BallisticMango,dataisbeautiful,2,2021,0.0,0.0,1.0
Balloon_Project,dataisbeautiful,4,2020,1.0,0.9,0.0
BayesicallyThomas,dataisbeautiful,1,2020,1.0,0.94,0.0
BeagleDog,dataisbeautiful,2,2021,0.0,0.0,1.0
BelfreyE,dataisbeautiful,2,2021,0.0,0.0,1.0
Beneficial_Occasion,dataisbeautiful,2,2021,0.0,0.0,1.0
Best-Pony,dataisbeautiful,5,2017,1.0,0.79,0.0
BigBobby2016,dataisbeautiful,2,2021,0.0,0.0,1.0
BinaryPeach,dataisbeautiful,12,2017,1.0,0.85,0.0
Bioxio,dataisbeautiful,2,2021,0.0,0.0,1.0
BizCaus,dataisbeautiful,3,2018,1.0,0.84,0.0
Blatb00m,dataisbeautiful,12,2018,1.0,0.88,0.0
BlondeMaps,dataisbeautiful,8,2020,1.0,0.95,0.0
BloxyRed,dataisbeautiful,2,2021,0.0,0.0,1.0
BluSkyHeisenberg,dataisbeautiful,9,2020,1.0,0.91,0.0
BoMcCready,dataisbeautiful,1,2019,1.0,0.92,0.0
BoMcCready,dataisbeautiful,3,2020,1.0,0.95,0.0
BoMcCready,dataisbeautiful,5,2019,1.0,0.97,0.0
BoMcCready,dataisbeautiful,7,2020,1.0,0.89,0.0
BoMcCready,dataisbeautiful,8,2020,2.0,0.93,0.0
BoMcCready,dataisbeautiful,9,2020,1.0,0.83,0.0
BoMcCready,dataisbeautiful,10,2019,1.0,0.72,0.0
BoMcCready,dataisbeautiful,12,2019,2.0,0.905,0.0
BouAymen,dataisbeautiful,6,2020,1.0,0.91,0.0
Brave_council,dataisbeautiful,2,2021,0.0,0.0,1.0
BrayCannon,dataisbeautiful,10,2019,1.0,0.94,0.0
BrianHotshot,dataisbeautiful,2,2021,0.0,0.0,1.0
BrilliantWeb,dataisbeautiful,2,2021,0.0,0.0,1.0
Bruce-M,dataisbeautiful,5,2018,1.0,0.9,0.0
Brzoskowski,dataisbeautiful,10,2020,1.0,0.81,0.0
BubbhaJebus,dataisbeautiful,2,2021,0.0,0.0,1.0
BukBukMeow,dataisbeautiful,12,2017,1.0,0.75,0.0
BunsMunchHay,dataisbeautiful,1,2021,1.0,0.89,0.0
Burner_Acount,dataisbeautiful,2,2021,0.0,0.0,5.0
CUTE_DATA,dataisbeautiful,4,2020,1.0,0.84,0.0
Cafen8ed,dataisbeautiful,2,2021,0.0,0.0,1.0
CantSayIReallyTried,dataisbeautiful,4,2020,1.0,0.96,0.0
CaptainMelon,dataisbeautiful,7,2020,1.0,0.91,0.0
CarpeVida,dataisbeautiful,2,2018,1.0,0.88,0.0
Catto_Channel,dataisbeautiful,2,2021,0.0,0.0,1.0
Ccracked,dataisbeautiful,2,2021,0.0,0.0,1.0
Charltskisaurus,dataisbeautiful,2,2021,0.0,0.0,1.0
CheckOutUserNamesLad,dataisbeautiful,2,2021,0.0,0.0,6.0
CheshireUnicorn,dataisbeautiful,2,2021,0.0,0.0,1.0
ChipsAhoy21,dataisbeautiful,6,2018,1.0,0.9,0.0
ChudBomB,dataisbeautiful,2,2021,0.0,0.0,1.0
ChummyPiker,dataisbeautiful,2,2021,0.0,0.0,1.0
Cinnamon_Bees,dataisbeautiful,2,2021,0.0,0.0,2.0
CleanMyTrousers,dataisbeautiful,2,2021,0.0,0.0,5.0
CodeVirus,dataisbeautiful,2,2021,0.0,0.0,2.0
Colin1236,dataisbeautiful,11,2020,1.0,0.89,0.0
CornjobWillBeBlamed,dataisbeautiful,2,2021,0.0,0.0,3.0
CorruptPhoenix,dataisbeautiful,1,2021,1.0,0.84,0.0
Cosmic_Kettle,dataisbeautiful,2,2021,0.0,0.0,1.0
Coviid,dataisbeautiful,5,2020,1.0,0.93,0.0
Crash_Recovery,dataisbeautiful,1,2020,2.0,0.88,0.0
Crash_Recovery,dataisbeautiful,8,2019,1.0,0.96,0.0
Critical_Thinking_,dataisbeautiful,12,2017,1.0,0.87,0.0
Crittsy,dataisbeautiful,2,2021,0.0,0.0,1.0
Ctstiffler2871,dataisbeautiful,12,2017,1.0,0.79,0.0
CuriousGnu,dataisbeautiful,5,2016,1.0,0.88,0.0
Curious_E_T,dataisbeautiful,8,2020,1.0,0.94,0.0
CuzRacecar,dataisbeautiful,6,2018,1.0,0.82,0.0
DBails,dataisbeautiful,8,2020,1.0,0.95,0.0
DLC204,dataisbeautiful,1,2019,1.0,0.9,0.0
DR-ROBERT-J,dataisbeautiful,11,2017,1.0,0.86,0.0
DaFuckAreYouSaying,dataisbeautiful,2,2021,0.0,0.0,2.0
DaHlyHndGrnade,dataisbeautiful,2,2021,0.0,0.0,1.0
DaanYouKnow,dataisbeautiful,2,2021,0.0,0.0,1.0
Daftpunksluggage,dataisbeautiful,2,2021,0.0,0.0,1.0
DanClark93,dataisbeautiful,3,2020,1.0,0.92,0.0
DanClark93,dataisbeautiful,4,2020,1.0,0.91,0.0
Danysco,dataisbeautiful,2,2021,0.0,0.0,1.0
Dapianoman,dataisbeautiful,2,2020,1.0,0.96,0.0
DarkSideofOZ,dataisbeautiful,4,2020,1.0,0.94,0.0
DataCrayon,dataisbeautiful,1,2021,1.0,0.85,0.0
DataCrayon,dataisbeautiful,2,2021,0.0,0.0,1.0
DataGrapha,dataisbeautiful,9,2019,2.0,0.92,0.0
DataGuru314,dataisbeautiful,11,2017,1.0,0.88,0.0
DavidBuchanan,dataisbeautiful,4,2017,1.0,0.68,0.0
DavidWaldron,dataisbeautiful,7,2020,1.0,0.96,0.0
DavyBoyWonder,dataisbeautiful,2,2021,0.0,0.0,1.0
Ddog78,dataisbeautiful,2,2021,0.0,0.0,1.0
Deiphobus,dataisbeautiful,2,2021,0.0,0.0,1.0
DeltaVZerda,dataisbeautiful,2,2021,0.0,0.0,1.0
Dementor100,dataisbeautiful,9,2020,1.0,0.94,0.0
DesignNoobie99,dataisbeautiful,2,2021,0.0,0.0,1.0
DevJason,dataisbeautiful,9,2020,1.0,0.96,0.0
DevLF,dataisbeautiful,11,2020,1.0,0.93,0.0
DildosintheMist,dataisbeautiful,2,2021,0.0,0.0,1.0
DorsaAmir,dataisbeautiful,3,2020,1.0,0.94,0.0
DorsaAmir,dataisbeautiful,4,2020,1.0,0.94,0.0
Dotcom73,dataisbeautiful,2,2021,0.0,0.0,1.0
DrOhmu,dataisbeautiful,2,2021,0.0,0.0,2.0
DrSloany,dataisbeautiful,2,2021,0.0,0.0,1.0
DrTonyTiger,dataisbeautiful,2,2021,0.0,0.0,1.0
Dr_Engineerd,dataisbeautiful,11,2018,2.0,0.87,0.0
Dr_JimmyBrungus,dataisbeautiful,2,2021,0.0,0.0,1.0
DrainZ-,dataisbeautiful,2,2021,0.0,0.0,2.0
Dreadful_Aardvark,dataisbeautiful,2,2021,0.0,0.0,1.0
Dremarious,dataisbeautiful,1,2021,1.0,0.89,0.0
Dremarious,dataisbeautiful,2,2021,1.0,0.77,0.0
Dremarious,dataisbeautiful,11,2020,4.0,0.8674999999999999,0.0
Educational_Rope1834,dataisbeautiful,2,2021,0.0,0.0,1.0
Edward-EFHIII,dataisbeautiful,3,2020,1.0,0.94,0.0
EngagingData,dataisbeautiful,12,2019,1.0,0.92,0.0
EnglishMobster,dataisbeautiful,2,2021,0.0,0.0,1.0
Enguzelharf,dataisbeautiful,4,2020,1.0,0.89,0.0
EnigmaTrain,dataisbeautiful,8,2018,1.0,0.88,0.0
Equal-Swordfish-1452,dataisbeautiful,2,2021,0.0,0.0,1.0
EquipLordBritish,dataisbeautiful,2,2021,0.0,0.0,2.0
Ereine,dataisbeautiful,2,2021,0.0,0.0,1.0
EricaH121,dataisbeautiful,12,2019,1.0,0.91,0.0
EsElMuNd0a1,dataisbeautiful,2,2021,0.0,0.0,2.0
EuronNaharis,dataisbeautiful,12,2017,1.0,0.87,0.0
EvanMinn,dataisbeautiful,6,2018,1.0,0.91,0.0
FBI_Agent_82,dataisbeautiful,2,2021,0.0,0.0,1.0
FabianFox,dataisbeautiful,2,2021,0.0,0.0,1.0
FakeyGram,dataisbeautiful,10,2020,1.0,0.93,0.0
Feemiror,dataisbeautiful,10,2020,1.0,0.96,0.0
Feet2Big,dataisbeautiful,2,2021,0.0,0.0,1.0
Firedup2015,dataisbeautiful,2,2021,0.0,0.0,1.0
Fisforfriedfriends,dataisbeautiful,2,2021,0.0,0.0,1.0
FizzyBeverage,dataisbeautiful,6,2020,1.0,0.9,0.0
Flibidy_Dibidy,dataisbeautiful,10,2020,1.0,0.93,0.0
ForesterVeenker,dataisbeautiful,2,2021,0.0,0.0,1.0
Fox_Powers,dataisbeautiful,2,2021,0.0,0.0,2.0
Freak_Out_Bazaar,dataisbeautiful,2,2021,0.0,0.0,1.0
Fred_Evil,dataisbeautiful,2,2021,0.0,0.0,1.0
Friend_of_the_trees,dataisbeautiful,2,2021,0.0,0.0,1.0
FrugalToast,dataisbeautiful,2,2021,0.0,0.0,1.0
Fwiler,dataisbeautiful,2,2021,0.0,0.0,1.0
Gaby5011,dataisbeautiful,2,2021,0.0,0.0,2.0
Galendis,dataisbeautiful,2,2018,1.0,0.86,0.0
Gam3_B0y,dataisbeautiful,2,2021,0.0,0.0,1.0
GameArtZac,dataisbeautiful,2,2021,0.0,0.0,1.0
Game_of_Jobrones,dataisbeautiful,1,2021,1.0,0.69,0.0
Gandagorn,dataisbeautiful,8,2020,1.0,0.83,0.0
Gandagorn,dataisbeautiful,12,2020,1.0,0.91,0.0
GanstaRhapsody,dataisbeautiful,1,2020,1.0,0.86,0.0
Gedanke,dataisbeautiful,4,2019,1.0,0.97,0.0
Geodienst,dataisbeautiful,3,2020,1.0,0.87,0.0
Geographist,dataisbeautiful,1,2017,1.0,0.85,0.0
Geographist,dataisbeautiful,2,2021,1.0,0.92,0.0
Geographist,dataisbeautiful,5,2018,1.0,0.87,0.0
Geographist,dataisbeautiful,7,2017,1.0,0.91,0.0
Geographist,dataisbeautiful,8,2016,1.0,0.84,0.0
Geographist,dataisbeautiful,8,2017,1.0,0.91,0.0
Geographist,dataisbeautiful,8,2018,2.0,0.935,0.0
Geographist,dataisbeautiful,9,2017,1.0,0.92,0.0
Geographist,dataisbeautiful,9,2018,1.0,0.95,0.0
Geographist,dataisbeautiful,9,2020,1.0,0.97,0.0
Geographist,dataisbeautiful,10,2017,1.0,0.92,0.0
Geographist,dataisbeautiful,11,2017,1.0,0.92,0.0
Geographist,dataisbeautiful,12,2017,1.0,0.92,0.0
Gfreeman27,dataisbeautiful,2,2021,0.0,0.0,1.0
GiffordGottem,dataisbeautiful,2,2021,0.0,0.0,1.0
GigaChonker9000,dataisbeautiful,2,2021,0.0,0.0,1.0
GiveMeNews,dataisbeautiful,2,2021,0.0,0.0,1.0
Gooberchev,dataisbeautiful,8,2020,1.0,0.77,0.0
GradeATractor,dataisbeautiful,10,2018,1.0,0.92,0.0
GradientMetrics,dataisbeautiful,12,2020,1.0,0.88,0.0
Greenturkeypants,dataisbeautiful,8,2017,1.0,0.87,0.0
GregBahm,dataisbeautiful,4,2017,1.0,0.85,0.0
Grrrison,dataisbeautiful,2,2021,0.0,0.0,1.0
Gryphon0468,dataisbeautiful,2,2021,0.0,0.0,1.0
GrzegorzusLudi,dataisbeautiful,8,2017,1.0,0.89,0.0
Gullyn1,dataisbeautiful,1,2021,1.0,0.91,0.0
Gullyn1,dataisbeautiful,10,2020,1.0,0.88,0.0
Gullyn1,dataisbeautiful,11,2020,2.0,0.925,0.0
HBPilot,dataisbeautiful,2,2021,0.0,0.0,3.0
Haaazard,dataisbeautiful,1,2020,1.0,0.92,0.0
Haatveit88,dataisbeautiful,2,2021,0.0,0.0,1.0
HansBlixJr,dataisbeautiful,2,2021,0.0,0.0,1.0
Hardcore90skid,dataisbeautiful,2,2021,0.0,0.0,1.0
HardwareSoup,dataisbeautiful,2,2021,0.0,0.0,1.0
Hbenne,dataisbeautiful,4,2020,1.0,0.95,0.0
HenryCorp,dataisbeautiful,2,2021,0.0,0.0,1.0
HereToHelp9001,dataisbeautiful,2,2021,0.0,0.0,1.0
HighRisk,dataisbeautiful,2,2021,0.0,0.0,1.0
HillaryApologist,dataisbeautiful,12,2017,1.0,0.79,0.0
HitchHux,dataisbeautiful,11,2020,1.0,0.86,0.0
HolyShitImAlone,dataisbeautiful,9,2020,1.0,0.89,0.0
Horace-Harkness,dataisbeautiful,2,2021,0.0,0.0,1.0
HouseCopeland,dataisbeautiful,5,2020,1.0,0.68,0.0
IAmNotNathaniel,dataisbeautiful,2,2021,0.0,0.0,3.0
IE114EVR,dataisbeautiful,2,2021,0.0,0.0,1.0
I_Am_Unpredictable,dataisbeautiful,9,2020,1.0,0.92,0.0
I_PM_U_UR_REQUESTS,dataisbeautiful,2,2021,0.0,0.0,1.0
I_got_headcrabs,dataisbeautiful,4,2018,1.0,0.82,0.0
IainStaffell,dataisbeautiful,1,2020,1.0,0.94,0.0
Iamahighlighter012,dataisbeautiful,2,2021,0.0,0.0,1.0
ImMLND,dataisbeautiful,6,2018,1.0,0.91,0.0
Imnotreallythere,dataisbeautiful,2,2021,0.0,0.0,1.0
InDissent,dataisbeautiful,9,2020,1.0,0.71,0.0
Incendivus,dataisbeautiful,2,2021,0.0,0.0,1.0
Infinitehatemachine,dataisbeautiful,4,2020,1.0,0.9,0.0
Informal-Use3396,dataisbeautiful,2,2021,0.0,0.0,2.0
Infosearch1,dataisbeautiful,2,2021,0.0,0.0,1.0
InsidiousTroll,dataisbeautiful,2,2021,0.0,0.0,1.0
IronOhki,dataisbeautiful,2,2021,0.0,0.0,1.0
Itsactuallywhom,dataisbeautiful,3,2020,1.0,0.83,0.0
Ivuxhama,dataisbeautiful,2,2021,0.0,0.0,1.0
IvyAnne1600,dataisbeautiful,2,2021,0.0,0.0,1.0
Iwanumelon,dataisbeautiful,2,2021,0.0,0.0,1.0
JBSquared,dataisbeautiful,2,2021,0.0,0.0,1.0
JBits001,dataisbeautiful,2,2021,0.0,0.0,1.0
JFoss117,dataisbeautiful,5,2017,1.0,0.85,0.0
JJ4L3,dataisbeautiful,2,2021,0.0,0.0,1.0
JJGeneral1,dataisbeautiful,2,2021,0.0,0.0,1.0
JPAnalyst,dataisbeautiful,6,2020,1.0,0.74,0.0
JPAnalyst,dataisbeautiful,8,2020,2.0,0.855,0.0
JPAnalyst,dataisbeautiful,12,2020,1.0,0.8,0.0
JVorhees,dataisbeautiful,2,2021,0.0,0.0,1.0
Jabberwocky3,dataisbeautiful,10,2020,1.0,0.87,0.0
Jak_ratz,dataisbeautiful,2,2021,0.0,0.0,1.0
JamesJax,dataisbeautiful,2,2021,0.0,0.0,2.0
Janman14,dataisbeautiful,6,2020,1.0,0.94,0.0
Janman14,dataisbeautiful,8,2020,1.0,0.95,0.0
Jaredlong,dataisbeautiful,2,2021,0.0,0.0,3.0
JasonF818,dataisbeautiful,2,2021,0.0,0.0,2.0
JavarisJamarJavari,dataisbeautiful,2,2021,0.0,0.0,1.0
Jechtael,dataisbeautiful,2,2021,0.0,0.0,1.0
JeffSampson22,dataisbeautiful,2,2021,0.0,0.0,3.0
JesusIsMyZoloft,dataisbeautiful,5,2018,1.0,0.84,0.0
JoeFalchetto,dataisbeautiful,3,2020,1.0,0.86,0.0
JoeFalchetto,dataisbeautiful,4,2020,1.0,0.87,0.0
JoeFalchetto,dataisbeautiful,7,2020,1.0,0.87,0.0
JoeFalchetto,dataisbeautiful,10,2020,1.0,0.84,0.0
Jofreep,dataisbeautiful,12,2019,1.0,0.95,0.0
Joshfred,dataisbeautiful,4,2020,1.0,0.89,0.0
JunGiang,dataisbeautiful,2,2021,0.0,0.0,1.0
JustCorn911,dataisbeautiful,2,2021,0.0,0.0,1.0
JustGlowing,dataisbeautiful,3,2020,1.0,0.95,0.0
KJ6BWB,dataisbeautiful,2,2021,0.0,0.0,4.0
KRANKARTA___,dataisbeautiful,4,2020,1.0,0.93,0.0
KSNV,dataisbeautiful,2,2021,0.0,0.0,1.0
KablooieKablam,dataisbeautiful,2,2021,0.0,0.0,1.0
Kaekru,dataisbeautiful,10,2019,1.0,0.94,0.0
Kaitain1977,dataisbeautiful,12,2020,1.0,0.77,0.0
KateStantonSings,dataisbeautiful,2,2021,0.0,0.0,1.0
Keavon,dataisbeautiful,2,2021,0.0,0.0,1.0
KenjonMartin,dataisbeautiful,1,2021,1.0,0.89,0.0
Ketofanboy,dataisbeautiful,2,2021,0.0,0.0,1.0
Kewpit,dataisbeautiful,12,2017,1.0,0.87,0.0
Khratus,dataisbeautiful,2,2021,0.0,0.0,1.0
Kilobytez95,dataisbeautiful,2,2021,0.0,0.0,1.0
KingWormKilroy,dataisbeautiful,2,2021,0.0,0.0,1.0
KlimYadrintsev,dataisbeautiful,2,2021,0.0,0.0,1.0
KoFeSiMa,dataisbeautiful,12,2019,1.0,0.93,0.0
Konseq,dataisbeautiful,2,2021,0.0,0.0,1.0
LLMOONJ,dataisbeautiful,8,2020,1.0,0.95,0.0
LanewayRat,dataisbeautiful,2,2021,0.0,0.0,1.0
Laxander03,dataisbeautiful,2,2021,0.0,0.0,1.0
LePhantomLimb,dataisbeautiful,2,2018,1.0,0.89,0.0
Least_Pie_3139,dataisbeautiful,2,2021,0.0,0.0,1.0
LetsGoHokies00,dataisbeautiful,2,2021,0.0,0.0,1.0
Lexsteel11,dataisbeautiful,2,2021,0.0,0.0,1.0
LiftedDrifted,dataisbeautiful,2,2021,0.0,0.0,1.0
LimerickJim,dataisbeautiful,2,2021,0.0,0.0,1.0
Linguistic_Biscuit,dataisbeautiful,2,2021,0.0,0.0,1.0
Little_Orange_Bottle,dataisbeautiful,2,2021,0.0,0.0,1.0
LongTermMetabolite,dataisbeautiful,6,2020,1.0,0.94,0.0
Lord_Fubar,dataisbeautiful,11,2017,1.0,0.91,0.0
LucasCu90,dataisbeautiful,9,2017,1.0,0.81,0.0
LukeHanson1991,dataisbeautiful,2,2021,0.0,0.0,1.0
Lumpy-Obligation-553,dataisbeautiful,2,2021,0.0,0.0,1.0
LuoLondon,dataisbeautiful,2,2021,0.0,0.0,1.0
Lupusvorax,dataisbeautiful,2,2021,0.0,0.0,2.0
MYGFH,dataisbeautiful,2,2021,0.0,0.0,1.0
Macubex123,dataisbeautiful,2,2021,0.0,0.0,1.0
Madouc,dataisbeautiful,2,2021,0.0,0.0,2.0
MagnumV64,dataisbeautiful,2,2021,0.0,0.0,1.0
MagnusTBorovitz,dataisbeautiful,2,2021,0.0,0.0,1.0
Mainzerize,dataisbeautiful,2,2021,0.0,0.0,1.0
MajAsshole,dataisbeautiful,2,2021,0.0,0.0,1.0
MakeYourMarks,dataisbeautiful,7,2020,2.0,0.85,0.0
MalevolentDM,dataisbeautiful,2,2021,0.0,0.0,1.0
ManhattanDev,dataisbeautiful,2,2021,0.0,0.0,1.0
Marcus-021,dataisbeautiful,2,2021,0.0,0.0,4.0
Mareizi,dataisbeautiful,1,2020,1.0,0.83,0.0
MartialArtTetherball,dataisbeautiful,2,2021,0.0,0.0,1.0
Massive-Couple,dataisbeautiful,2,2021,0.0,0.0,1.0
Master4pprentice,dataisbeautiful,2,2021,1.0,0.95,0.0
Mathew_Barlow,dataisbeautiful,1,2021,1.0,0.95,0.0
Max_OurWorldinData,dataisbeautiful,12,2020,1.0,0.93,0.0
McHaro,dataisbeautiful,2,2021,0.0,0.0,1.0
McTwist1260,dataisbeautiful,2,2021,0.0,0.0,1.0
MellowBadger,dataisbeautiful,2,2021,0.0,0.0,1.0
Mentally-Disturbed,dataisbeautiful,2,2021,0.0,0.0,1.0
MesmericKiwi,dataisbeautiful,2,2021,0.0,0.0,2.0
Mespin07,dataisbeautiful,2,2021,0.0,0.0,1.0
Messijoes18,dataisbeautiful,2,2021,0.0,0.0,1.0
MicaelGoncalves,dataisbeautiful,2,2021,0.0,0.0,1.0
MickIAC,dataisbeautiful,2,2021,0.0,0.0,1.0
Miii_Kiii,dataisbeautiful,2,2021,0.0,0.0,3.0
MintberryCruuuunch,dataisbeautiful,2,2021,0.0,0.0,1.0
MobiusCipher,dataisbeautiful,2,2021,0.0,0.0,1.0
Moederneuqer,dataisbeautiful,2,2021,0.0,0.0,1.0
MoonlightSeeker,dataisbeautiful,2,2021,0.0,0.0,1.0
MorboThinksYourePuny,dataisbeautiful,4,2020,1.0,0.87,0.0
MrATLien,dataisbeautiful,6,2017,1.0,0.78,0.0
MrAcurite,dataisbeautiful,2,2021,0.0,0.0,2.0
MrBrandyBerry,dataisbeautiful,11,2020,1.0,0.93,0.0
MrMason007,dataisbeautiful,5,2017,1.0,0.81,0.0
MrMusAddict,dataisbeautiful,4,2018,1.0,0.88,0.0
MultiGeometry,dataisbeautiful,2,2021,0.0,0.0,2.0
MuntedMunyak,dataisbeautiful,2,2021,0.0,0.0,1.0
Mur__Mur,dataisbeautiful,2,2021,0.0,0.0,1.0
MutedSeraph,dataisbeautiful,4,2020,1.0,0.94,0.0
MyDigitalSin,dataisbeautiful,2,2021,0.0,0.0,1.0
MysteriousConstant,dataisbeautiful,6,2020,1.0,0.95,0.0
Nadamir,dataisbeautiful,2,2021,0.0,0.0,1.0
NaytaData,dataisbeautiful,7,2018,1.0,0.91,0.0
NaytaData,dataisbeautiful,9,2018,2.0,0.93,0.0
NaytaData,dataisbeautiful,11,2018,2.0,0.895,0.0
NaytaData,dataisbeautiful,12,2018,1.0,0.9,0.0
Neal569,dataisbeautiful,2,2021,0.0,0.0,1.0
NeedsMoreSpaceships,dataisbeautiful,2,2021,0.0,0.0,1.0
Nesta8001,dataisbeautiful,2,2017,1.0,0.88,0.0
NeuralV,dataisbeautiful,11,2020,1.0,0.85,0.0
NevCee,dataisbeautiful,11,2017,1.0,0.9,0.0
Nico_Fr,dataisbeautiful,2,2021,0.0,0.0,1.0
NicuCalcea,dataisbeautiful,9,2019,1.0,0.94,0.0
NoOne77492,dataisbeautiful,12,2019,1.0,0.92,0.0
NooaJ,dataisbeautiful,2,2021,0.0,0.0,7.0
Norskov,dataisbeautiful,2,2021,0.0,0.0,1.0
NotABotStill,dataisbeautiful,2,2021,0.0,0.0,8.0
OWLF1,dataisbeautiful,2,2021,0.0,0.0,2.0
OakFern,dataisbeautiful,2,2021,0.0,0.0,1.0
Obiwomkenobi,dataisbeautiful,2,2020,1.0,0.94,0.0
Ocelot1138,dataisbeautiful,8,2020,1.0,0.94,0.0
OhNoNotAgain2022ed,dataisbeautiful,2,2021,0.0,0.0,3.0
Oh_Tassos,dataisbeautiful,10,2020,1.0,0.93,0.0
OilPhilter,dataisbeautiful,2,2021,0.0,0.0,1.0
Ok-Story-3532,dataisbeautiful,2,2021,0.0,0.0,1.0
OmgOgan,dataisbeautiful,2,2021,0.0,0.0,1.0
Omnitographer,dataisbeautiful,2,2021,0.0,0.0,1.0
OneWorldMouse,dataisbeautiful,2,2021,0.0,0.0,1.0
Onhech,dataisbeautiful,5,2020,1.0,0.92,0.0
Onhech,dataisbeautiful,6,2020,1.0,0.86,0.0
Onhech,dataisbeautiful,7,2020,1.0,0.93,0.0
Onion_Leaf,dataisbeautiful,6,2020,1.0,0.92,0.0
Onion_Leaf,dataisbeautiful,10,2020,1.0,0.93,0.0
OrangeDit,dataisbeautiful,10,2017,1.0,0.9,0.0
OverflowDs,dataisbeautiful,6,2017,1.0,0.84,0.0
OverflowDs,dataisbeautiful,9,2019,1.0,0.91,0.0
OverflowDs,dataisbeautiful,10,2017,1.0,0.89,0.0
Overthemoon64,dataisbeautiful,2,2021,0.0,0.0,1.0
OwO121212121221q,dataisbeautiful,12,2019,1.0,0.85,0.0
OwenProGolfer,dataisbeautiful,2,2021,0.0,0.0,1.0
PDBFishsticks,dataisbeautiful,6,2020,1.0,0.88,0.0
PDCWolf,dataisbeautiful,2,2021,0.0,0.0,1.0
PHealthy,dataisbeautiful,2,2021,1.0,0.89,0.0
PM_ME_YOUR_FAV_COLOR,dataisbeautiful,10,2017,1.0,0.87,0.0
PM_ME_YOUR_FAV_COLOR,dataisbeautiful,11,2016,1.0,0.84,0.0
PM_ME_YOUR_RECOMMEND,dataisbeautiful,2,2018,1.0,0.94,0.0
PM_ME_YOUR_WORRIES,dataisbeautiful,12,2019,1.0,0.94,0.0
PM_WHY_YOU_DOWNVOTED,dataisbeautiful,6,2018,1.0,0.76,0.0
PMmeYourSci-Fi_Facts,dataisbeautiful,2,2021,0.0,0.0,1.0
POUUER,dataisbeautiful,7,2020,1.0,0.89,0.0
Pablo_BW,dataisbeautiful,1,2021,1.0,0.85,0.0
Pair-Controller-404,dataisbeautiful,2,2021,0.0,0.0,1.0
PaleBoye,dataisbeautiful,2,2021,0.0,0.0,1.0
PartiedOutPhil,dataisbeautiful,2,2021,0.0,0.0,1.0
PasswordNot1234,dataisbeautiful,2,2021,0.0,0.0,1.0
Pataclop_fr,dataisbeautiful,12,2020,1.0,0.86,0.0
PauliusLiekis,dataisbeautiful,1,2020,1.0,0.95,0.0
Pepbob,dataisbeautiful,2,2021,0.0,0.0,1.0
PeterPain,dataisbeautiful,3,2018,1.0,0.75,0.0
PeterPain,dataisbeautiful,6,2017,1.0,0.83,0.0
Phoenix0902,dataisbeautiful,2,2021,0.0,0.0,1.0
PieChartPirate,dataisbeautiful,8,2020,1.0,0.91,0.0
PieChartPirate,dataisbeautiful,9,2020,2.0,0.92,0.0
PieChartPirate,dataisbeautiful,10,2020,1.0,0.92,0.0
PieChartPirate,dataisbeautiful,12,2020,1.0,0.93,0.0
PieGeters,dataisbeautiful,7,2018,1.0,0.88,0.0
Pingu277,dataisbeautiful,2,2021,0.0,0.0,1.0
Pippinfantastik,dataisbeautiful,2,2021,0.0,0.0,1.0
PirateJinbe,dataisbeautiful,2,2021,0.0,0.0,1.0
PixelWrangler,dataisbeautiful,1,2021,1.0,0.7,0.0
Pixeleyes,dataisbeautiful,2,2021,0.0,0.0,1.0
Plastic_Pinocchio,dataisbeautiful,2,2021,0.0,0.0,1.0
PleaseEndMeFam,dataisbeautiful,2,2021,0.0,0.0,1.0
PlsCrit,dataisbeautiful,2,2021,0.0,0.0,1.0
Pointless_666,dataisbeautiful,2,2021,0.0,0.0,3.0
Praesto_Omnibus,dataisbeautiful,2,2021,0.0,0.0,1.0
Presium,dataisbeautiful,8,2019,1.0,0.91,0.0
Presto123ubu,dataisbeautiful,2,2021,0.0,0.0,1.0
Priestrix,dataisbeautiful,11,2020,1.0,0.95,0.0
Prince-Akeem,dataisbeautiful,3,2017,1.0,0.79,0.0
ProtocolX,dataisbeautiful,2,2021,0.0,0.0,1.0
Prunestand,dataisbeautiful,10,2020,1.0,0.93,0.0
Prunestand,dataisbeautiful,11,2020,1.0,0.85,0.0
PurchaseHelpful8846,dataisbeautiful,2,2021,0.0,0.0,1.0
PurpleFredSpoon,dataisbeautiful,10,2017,1.0,0.92,0.0
Puttix,dataisbeautiful,2,2021,0.0,0.0,1.0
PyQt,dataisbeautiful,12,2020,1.0,0.83,0.0
Pyrasia,dataisbeautiful,2,2021,0.0,0.0,1.0
Qomp,dataisbeautiful,1,2018,1.0,0.88,0.0
QuantumCabbage,dataisbeautiful,2,2021,0.0,0.0,1.0
Qwerky_Name_Pun,dataisbeautiful,11,2019,1.0,0.91,0.0
R1zzles,dataisbeautiful,3,2018,1.0,0.86,0.0
R3lay0,dataisbeautiful,2,2021,0.0,0.0,1.0
RDMvb6,dataisbeautiful,2,2021,0.0,0.0,1.0
R_Scoops,dataisbeautiful,2,2021,0.0,0.0,1.0
R_V_Z,dataisbeautiful,2,2021,0.0,0.0,1.0
RabackOmama,dataisbeautiful,6,2020,1.0,0.79,0.0
RaccoonMagic,dataisbeautiful,2,2021,0.0,0.0,2.0
Racer13l,dataisbeautiful,2,2021,0.0,0.0,1.0
Radiatin,dataisbeautiful,1,2021,1.0,0.87,0.0
Rand_alThor_,dataisbeautiful,2,2021,0.0,0.0,1.0
Ranger-UK,dataisbeautiful,6,2017,1.0,0.7,0.0
RasperGuy,dataisbeautiful,2,2021,0.0,0.0,3.0
Razaberry,dataisbeautiful,12,2019,1.0,0.88,0.0
RedCabbagePlus,dataisbeautiful,6,2020,1.0,0.93,0.0
RedPandaSix,dataisbeautiful,8,2016,1.0,0.7,0.0
RedRoostered,dataisbeautiful,8,2017,1.0,0.83,0.0
Reed_collapse,dataisbeautiful,2,2021,0.0,0.0,1.0
Reimant,dataisbeautiful,2,2021,0.0,0.0,1.0
Relative-Background1,dataisbeautiful,2,2021,0.0,0.0,1.0
Reldresal,dataisbeautiful,7,2018,1.0,0.93,0.0
RestartingMyLife0918,dataisbeautiful,2,2021,0.0,0.0,1.0
RexArcadia,dataisbeautiful,3,2020,1.0,0.84,0.0
RigbyAtNight,dataisbeautiful,2,2021,0.0,0.0,1.0
Riverchicken886,dataisbeautiful,2,2021,0.0,0.0,1.0
RobotHouuuse,dataisbeautiful,2,2021,0.0,0.0,1.0
RockyL15,dataisbeautiful,2,2021,0.0,0.0,1.0
Roughneck16,dataisbeautiful,2,2021,0.0,0.0,14.0
Routerbad,dataisbeautiful,2,2021,0.0,0.0,1.0
Rowona,dataisbeautiful,2,2021,0.0,0.0,1.0
Rufi0h,dataisbeautiful,11,2019,1.0,0.87,0.0
RyBread7,dataisbeautiful,4,2018,1.0,0.87,0.0
SIMUDSEN,dataisbeautiful,2,2021,0.0,0.0,1.0
SJFree,dataisbeautiful,12,2020,1.0,0.88,0.0
SPM8,dataisbeautiful,4,2020,1.0,0.9,0.0
SabinBC,dataisbeautiful,2,2021,0.0,0.0,1.0
SagiTTariuS41,dataisbeautiful,2,2020,1.0,0.67,0.0
Samic_OWillie,dataisbeautiful,2,2021,0.0,0.0,1.0
SandiePendleton,dataisbeautiful,1,2021,2.0,0.95,0.0
SandiePendleton,dataisbeautiful,8,2020,1.0,0.93,0.0
Sarossilli,dataisbeautiful,2,2021,1.0,0.89,0.0
Scene2Links,dataisbeautiful,4,2018,1.0,0.88,0.0
SciviasKnows,dataisbeautiful,9,2018,1.0,0.83,0.0
Scizorspoons,dataisbeautiful,2,2021,0.0,0.0,1.0
SconiGrower,dataisbeautiful,2,2021,0.0,0.0,1.0
ScottPens,dataisbeautiful,2,2021,0.0,0.0,1.0
ScubaAlek,dataisbeautiful,2,2021,0.0,0.0,1.0
SecretsAreTheMostFun,dataisbeautiful,2,2021,0.0,0.0,1.0
SelketDaly,dataisbeautiful,11,2017,1.0,0.9,0.0
Sen_Mendoza,dataisbeautiful,6,2015,1.0,0.82,0.0
SerDire,dataisbeautiful,2,2021,0.0,0.0,1.0
Ser_Drewseph,dataisbeautiful,2,2021,0.0,0.0,2.0
SevenandForty,dataisbeautiful,3,2020,1.0,0.96,0.0
Shadow796,dataisbeautiful,2,2021,0.0,0.0,1.0
Shayde505,dataisbeautiful,2,2021,0.0,0.0,1.0
ShouldIBeWorried19,dataisbeautiful,6,2020,1.0,0.92,0.0
Siddhesh_Chaudhari,dataisbeautiful,2,2021,0.0,0.0,1.0
Simaniac,dataisbeautiful,10,2020,1.0,0.95,0.0
SingData,dataisbeautiful,2,2021,0.0,0.0,1.0
SirHawrk,dataisbeautiful,2,2021,0.0,0.0,1.0
Sites_USA,dataisbeautiful,4,2020,1.0,0.94,0.0
Sites_USA,dataisbeautiful,7,2020,1.0,0.92,0.0
Skid_sketchens_twice,dataisbeautiful,2,2021,0.0,0.0,1.0
SkitzCxnt,dataisbeautiful,2,2021,0.0,0.0,1.0
Skydawne,dataisbeautiful,2,2021,0.0,0.0,1.0
Slates77,dataisbeautiful,2,2020,1.0,0.94,0.0
Slayje,dataisbeautiful,2,2021,0.0,0.0,1.0
SlightlyMagical,dataisbeautiful,10,2018,1.0,0.9,0.0
SlymaxOfficial,dataisbeautiful,1,2018,1.0,0.79,0.0
Smart_Ass_Pawn,dataisbeautiful,4,2018,1.0,0.81,0.0
SmokinStrawberries,dataisbeautiful,2,2021,0.0,0.0,1.0
SocialExplorerInc,dataisbeautiful,2,2021,0.0,0.0,1.0
SocialExplorerInc,dataisbeautiful,10,2020,1.0,0.86,0.0
SomeFokkerTookMyName,dataisbeautiful,2,2021,0.0,0.0,1.0
SomethingMoreToSay,dataisbeautiful,2,2021,0.0,0.0,3.0
Sophroniskos,dataisbeautiful,2,2021,0.0,0.0,1.0
Soproudofyou,dataisbeautiful,3,2018,1.0,0.73,0.0
Sousaclone,dataisbeautiful,2,2021,0.0,0.0,1.0
Space_Jellyfish_,dataisbeautiful,2,2021,0.0,0.0,1.0
Spiralife,dataisbeautiful,2,2021,0.0,0.0,1.0
Splitzle,dataisbeautiful,7,2017,1.0,0.88,0.0
Spooderman89,dataisbeautiful,3,2020,2.0,0.94,0.0
Spooderman89,dataisbeautiful,5,2020,1.0,0.92,0.0
Spooderman89,dataisbeautiful,9,2020,1.0,0.92,0.0
SquishyData,dataisbeautiful,6,2018,1.0,0.92,0.0
Starkey_Comics,dataisbeautiful,11,2019,1.0,0.96,0.0
StatPanda,dataisbeautiful,5,2020,1.0,0.91,0.0
Status-Cricket9920,dataisbeautiful,2,2021,0.0,0.0,1.0
Stefan0_,dataisbeautiful,9,2020,1.0,0.94,0.0
Stefan0_,dataisbeautiful,12,2019,1.0,0.94,0.0
Stevemachinehk,dataisbeautiful,2,2021,0.0,0.0,1.0
StingOfTheWest,dataisbeautiful,12,2019,1.0,0.94,0.0
StoryIQDataStories,dataisbeautiful,2,2020,1.0,0.66,0.0
Striky_,dataisbeautiful,2,2021,0.0,0.0,3.0
Stuck_In_the_Matrix,dataisbeautiful,10,2018,1.0,0.91,0.0
StupidPencil,dataisbeautiful,2,2021,0.0,0.0,1.0
StupidSoIDontGetIt,dataisbeautiful,8,2018,1.0,0.89,0.0
Stupid_Username1967,dataisbeautiful,2,2021,0.0,0.0,1.0
SuDi10298,dataisbeautiful,2,2021,0.0,0.0,1.0
SuilData,dataisbeautiful,9,2020,1.0,0.96,0.0
SuperSans,dataisbeautiful,3,2019,1.0,0.96,0.0
SvodeIsCool,dataisbeautiful,2,2021,1.0,0.8,0.0
T1m_Burr,dataisbeautiful,9,2020,1.0,0.89,0.0
TA201805091716,dataisbeautiful,5,2018,1.0,0.9,0.0
TM87_1e17,dataisbeautiful,4,2017,1.0,0.8,0.0
TROctavia,dataisbeautiful,1,2018,1.0,0.88,0.0
TRUEequalsFALSE,dataisbeautiful,2,2021,0.0,0.0,1.0
TT454,dataisbeautiful,2,2021,0.0,0.0,1.0
TThick1,dataisbeautiful,2,2021,0.0,0.0,1.0
Taylor-Kraytis,dataisbeautiful,2,2021,0.0,0.0,1.0
TehDing,dataisbeautiful,2,2021,1.0,0.95,5.0
Ten-K_Ultra,dataisbeautiful,2,2021,0.0,0.0,3.0
TestudoIsCooler,dataisbeautiful,6,2017,1.0,0.75,0.0
ThatGuy798,dataisbeautiful,2,2021,0.0,0.0,1.0
TheCarloza,dataisbeautiful,12,2020,1.0,0.94,0.0
TheHumanRavioli,dataisbeautiful,2,2021,0.0,0.0,1.0
TheJiggliestPug,dataisbeautiful,9,2020,1.0,0.85,0.0
TheNerdistRedditor,dataisbeautiful,3,2019,1.0,0.97,0.0
TheOGRedline,dataisbeautiful,2,2021,0.0,0.0,2.0
TheOhNoNotAgain,dataisbeautiful,2,2018,1.0,0.84,0.0
TheOneAndSomething,dataisbeautiful,2,2021,0.0,0.0,3.0
TheOnlyToast,dataisbeautiful,1,2018,1.0,0.86,0.0
TheRanker13,dataisbeautiful,6,2019,1.0,0.96,0.0
TheRealJosh0,dataisbeautiful,12,2020,1.0,0.95,0.0
TheRealWa,dataisbeautiful,1,2021,1.0,0.96,0.0
TheRealWa,dataisbeautiful,2,2021,0.0,0.0,1.0
TheWaitingDark,dataisbeautiful,1,2021,1.0,0.9,0.0
TheWolfRevenge,dataisbeautiful,8,2020,1.0,0.9,0.0
The_Apatheist,dataisbeautiful,2,2021,0.0,0.0,1.0
ThisIsAwesome_,dataisbeautiful,5,2020,1.0,0.9,0.0
Thrannn,dataisbeautiful,2,2021,0.0,0.0,1.0
Thrickk,dataisbeautiful,2,2021,0.0,0.0,1.0
Throwawayunknown55,dataisbeautiful,2,2021,0.0,0.0,1.0
ThucydidesOfAthens,dataisbeautiful,2,2021,0.0,0.0,1.0
Thugxcaliber,dataisbeautiful,2,2021,0.0,0.0,1.0
Thyldor,dataisbeautiful,2,2020,1.0,0.89,0.0
Timbukthree,dataisbeautiful,2,2021,0.0,0.0,1.0
TimmyV90,dataisbeautiful,2,2021,0.0,0.0,1.0
Timto8,dataisbeautiful,11,2020,1.0,0.92,0.0
Tinie_Snipah,dataisbeautiful,2,2021,0.0,0.0,2.0
Tinkerwell79,dataisbeautiful,2,2021,0.0,0.0,1.0
Tjukanov,dataisbeautiful,1,2018,1.0,0.91,0.0
Tjukanov,dataisbeautiful,7,2017,1.0,0.88,0.0
Tjukanov,dataisbeautiful,9,2017,1.0,0.9,0.0
Tjukanov,dataisbeautiful,11,2018,1.0,0.92,0.0
TotesMessenger,dataisbeautiful,2,2021,0.0,0.0,1.0
TrackingHappiness,dataisbeautiful,7,2020,1.0,0.92,0.0
TravelTime_VA,dataisbeautiful,11,2020,1.0,0.94,0.0
TravelTime_VA,dataisbeautiful,12,2020,1.0,0.94,0.0
Trax852,dataisbeautiful,2,2021,0.0,0.0,1.0
TrekkieTechie,dataisbeautiful,2,2021,0.0,0.0,2.0
TrueBirch,dataisbeautiful,3,2019,2.0,0.955,0.0
TrustLittleBrother,dataisbeautiful,1,2020,1.0,0.91,0.0
TrustLittleBrother,dataisbeautiful,3,2019,1.0,0.98,0.0
TunaCandy,dataisbeautiful,3,2020,1.0,0.92,0.0
TupperWolf,dataisbeautiful,3,2020,1.0,0.93,0.0
TwoFiveFun,dataisbeautiful,2,2021,0.0,0.0,1.0
TwoUnicycles,dataisbeautiful,3,2020,1.0,0.82,0.0
Ty_Rymer,dataisbeautiful,2,2021,0.0,0.0,1.0
TylerTalks,dataisbeautiful,1,2019,1.0,0.92,0.0
TypeLeftHanded,dataisbeautiful,2,2021,0.0,0.0,1.0
TypicalPakeha,dataisbeautiful,2,2021,0.0,0.0,1.0
Tyreathian,dataisbeautiful,8,2019,1.0,0.89,0.0
Udzu,dataisbeautiful,1,2018,1.0,0.75,0.0
Udzu,dataisbeautiful,2,2018,1.0,0.87,0.0
Udzu,dataisbeautiful,3,2018,1.0,0.84,0.0
Udzu,dataisbeautiful,7,2017,1.0,0.9,0.0
Udzu,dataisbeautiful,8,2017,1.0,0.89,0.0
Udzu,dataisbeautiful,11,2016,1.0,0.84,0.0
Ulyrres,dataisbeautiful,2,2021,0.0,0.0,1.0
UnimportantGuy2291,dataisbeautiful,3,2020,1.0,0.92,0.0
Unit61365,dataisbeautiful,2,2021,0.0,0.0,1.0
UniverseCity,dataisbeautiful,11,2017,1.0,0.88,0.0
Unlikely-Answer,dataisbeautiful,2,2021,0.0,0.0,1.0
UnreasonableSteve,dataisbeautiful,2,2021,0.0,0.0,1.0
UnrequitedReason,dataisbeautiful,9,2019,1.0,0.83,0.0
User14235867,dataisbeautiful,1,2020,1.0,0.88,0.0
V1Analytics,dataisbeautiful,6,2020,2.0,0.94,0.0
V1Analytics,dataisbeautiful,7,2020,1.0,0.95,0.0
V1Analytics,dataisbeautiful,8,2020,2.0,0.93,0.0
VIPreality,dataisbeautiful,2,2021,0.0,0.0,1.0
Vatonee,dataisbeautiful,2,2021,0.0,0.0,1.0
Verystormy,dataisbeautiful,2,2021,0.0,0.0,1.0
Vilhjalmur4,dataisbeautiful,6,2020,1.0,0.89,0.0
Vinnytsia,dataisbeautiful,12,2017,1.0,0.87,0.0
Vintage_Mask_Whore,dataisbeautiful,2,2021,0.0,0.0,1.0
Viperlite,dataisbeautiful,2,2021,0.0,0.0,1.0
Viyola,dataisbeautiful,2,2021,0.0,0.0,4.0
VizRight,dataisbeautiful,3,2017,1.0,0.71,0.0
VizzuHQ,dataisbeautiful,8,2020,1.0,0.94,0.0
VizzuHQ,dataisbeautiful,10,2020,1.0,0.73,0.0
WF835334,dataisbeautiful,12,2016,1.0,0.83,0.0
Webbraham,dataisbeautiful,2,2021,0.0,0.0,1.0
Whalex84,dataisbeautiful,2,2021,0.0,0.0,1.0
WhiteCheeks,dataisbeautiful,9,2020,1.0,0.97,0.0
WickedHardcorg,dataisbeautiful,4,2020,1.0,0.8,0.0
William_Harzia,dataisbeautiful,2,2021,0.0,0.0,4.0
XF939495xj6,dataisbeautiful,2,2021,0.0,0.0,1.0
YouSmellLikePhysEd,dataisbeautiful,2,2021,0.0,0.0,1.0
YourMJK,dataisbeautiful,2,2021,0.0,0.0,1.0
ZDTreefur,dataisbeautiful,2,2021,0.0,0.0,1.0
Zamafe,dataisbeautiful,2,2021,0.0,0.0,2.0
Zoidberg20a,dataisbeautiful,2,2021,0.0,0.0,1.0
Zyk40,dataisbeautiful,2,2021,0.0,0.0,1.0
_DTM-,dataisbeautiful,6,2020,1.0,0.95,0.0
_ILoveThat_,dataisbeautiful,1,2020,1.0,0.81,0.0
_OriamRiniDadelos_,dataisbeautiful,2,2021,0.0,0.0,2.0
_The_Mattmatician,dataisbeautiful,7,2020,1.0,0.86,0.0
__lala__,dataisbeautiful,2,2021,0.0,0.0,1.0
_illogical_,dataisbeautiful,2,2021,0.0,0.0,1.0
_lvlsd,dataisbeautiful,2,2021,0.0,0.0,1.0
_taygan,dataisbeautiful,3,2018,1.0,0.89,0.0
aDate_for_ya,dataisbeautiful,11,2020,1.0,0.85,0.0
a_seventh_knot,dataisbeautiful,2,2021,0.0,0.0,1.0
a_wandering_chemist,dataisbeautiful,4,2019,1.0,0.96,0.0
aaronpenne,dataisbeautiful,4,2018,1.0,0.93,0.0
academiaadvice,dataisbeautiful,3,2018,1.0,0.89,0.0
academiaadvice,dataisbeautiful,11,2017,1.0,0.92,0.0
addison_guy,dataisbeautiful,2,2021,1.0,0.76,0.0
adler187,dataisbeautiful,2,2021,0.0,0.0,1.0
admie,dataisbeautiful,3,2020,1.0,0.91,0.0
adriantwo,dataisbeautiful,11,2019,1.0,0.92,0.0
adtxco,dataisbeautiful,5,2020,1.0,0.96,0.0
aghusker,dataisbeautiful,2,2021,0.0,0.0,4.0
aidissonance,dataisbeautiful,2,2021,0.0,0.0,1.0
aimark42,dataisbeautiful,2,2021,0.0,0.0,1.0
ajlee2006,dataisbeautiful,5,2020,1.0,0.9,0.0
ajmartin527,dataisbeautiful,2,2021,0.0,0.0,1.0
akos_barta,dataisbeautiful,9,2018,1.0,0.92,0.0
akrotz1234,dataisbeautiful,1,2021,1.0,0.92,0.0
aledba,dataisbeautiful,2,2021,0.0,0.0,1.0
alessa28,dataisbeautiful,1,2017,1.0,0.84,0.0
alexgabriel_i,dataisbeautiful,12,2016,1.0,0.86,0.0
alexisonfire04,dataisbeautiful,3,2018,1.0,0.86,0.0
alittlelebowskiua,dataisbeautiful,2,2021,0.0,0.0,1.0
already-taken-wtf,dataisbeautiful,12,2020,2.0,0.91,0.0
amaklp,dataisbeautiful,2,2021,0.0,0.0,1.0
amazingoomoo,dataisbeautiful,2,2021,0.0,0.0,1.0
amazonada,dataisbeautiful,12,2016,1.0,0.86,0.0
andrew_elliott,dataisbeautiful,12,2016,1.0,0.87,0.0
animatedata,dataisbeautiful,8,2018,2.0,0.905,0.0
ankeet1,dataisbeautiful,2,2021,0.0,0.0,1.0
anon-1,dataisbeautiful,2,2021,0.0,0.0,1.0
anvaka,dataisbeautiful,1,2018,1.0,0.89,0.0
ar_604,dataisbeautiful,2,2017,1.0,0.85,0.0
arfyness,dataisbeautiful,2,2021,0.0,0.0,3.0
aribr83,dataisbeautiful,12,2020,1.0,0.9,0.0
artursilva0220,dataisbeautiful,3,2020,1.0,0.91,0.0
asappp540,dataisbeautiful,8,2020,1.0,0.82,0.0
asherfergusson,dataisbeautiful,12,2017,1.0,0.91,0.0
askLubich,dataisbeautiful,2,2021,0.0,0.0,1.0
athleticthighs,dataisbeautiful,3,2020,1.0,0.89,0.0
badIntro1624,dataisbeautiful,11,2017,1.0,0.76,0.0
badassperson,dataisbeautiful,12,2019,1.0,0.94,0.0
baggyzed,dataisbeautiful,2,2021,0.0,0.0,1.0
ballrus_walsack,dataisbeautiful,2,2021,0.0,0.0,2.0
barkmap,dataisbeautiful,12,2020,1.0,0.9,0.0
barrelomo,dataisbeautiful,12,2019,1.0,0.93,0.0
bay_curious89,dataisbeautiful,2,2021,0.0,0.0,1.0
beavershaw,dataisbeautiful,11,2017,1.0,0.9,0.0
beeeebs,dataisbeautiful,4,2020,1.0,0.93,0.0
bennihana09,dataisbeautiful,2,2021,0.0,0.0,1.0
berse2212,dataisbeautiful,2,2021,0.0,0.0,1.0
bgregory98,dataisbeautiful,6,2020,1.0,0.93,0.0
bgregory98,dataisbeautiful,7,2020,1.0,0.9,0.0
bgregory98,dataisbeautiful,8,2020,2.0,0.85,0.0
bgregory98,dataisbeautiful,10,2020,1.0,0.82,0.0
bigorangemachine,dataisbeautiful,2,2021,0.0,0.0,1.0
bilbo_runyon,dataisbeautiful,2,2021,0.0,0.0,1.0
billdb,dataisbeautiful,2,2021,0.0,0.0,3.0
billshander,dataisbeautiful,7,2020,1.0,0.91,0.0
bionicjoey,dataisbeautiful,2,2021,0.0,0.0,1.0
bjco,dataisbeautiful,12,2020,1.0,0.92,0.0
blackburn009,dataisbeautiful,2,2021,0.0,0.0,3.0
blackphantom773,dataisbeautiful,8,2020,1.0,0.83,0.0
blakeohare,dataisbeautiful,2,2021,0.0,0.0,1.0
bloodybeakerfolk,dataisbeautiful,2,2021,0.0,0.0,2.0
bojsihtekat,dataisbeautiful,2,2021,0.0,0.0,2.0
boojieboy,dataisbeautiful,2,2021,0.0,0.0,1.0
bradeena,dataisbeautiful,2,2021,0.0,0.0,1.0
bradyrx,dataisbeautiful,8,2019,1.0,0.92,0.0
breddy,dataisbeautiful,2,2021,0.0,0.0,1.0
brheath,dataisbeautiful,1,2021,1.0,0.91,0.0
brnko,dataisbeautiful,3,2020,2.0,0.89,0.0
brynnafidska,dataisbeautiful,2,2021,0.0,0.0,1.0
buckbuckyyy,dataisbeautiful,4,2020,1.0,0.82,0.0
bungalowguest14,dataisbeautiful,2,2021,0.0,0.0,1.0
bzzzimabee,dataisbeautiful,2,2021,0.0,0.0,1.0
c00liu5,dataisbeautiful,6,2018,1.0,0.87,0.0
c0207b8c,dataisbeautiful,3,2020,1.0,0.95,0.0
c_h_r_i_s_t_o_p_h,dataisbeautiful,10,2019,1.0,0.91,0.0
captain_ch40s,dataisbeautiful,2,2021,0.0,0.0,1.0
cavedave,dataisbeautiful,1,2020,1.0,0.91,0.0
cavedave,dataisbeautiful,4,2018,1.0,0.89,0.0
cavedave,dataisbeautiful,6,2020,1.0,0.94,0.0
cavedave,dataisbeautiful,10,2019,1.0,0.95,0.0
cavedave,dataisbeautiful,12,2019,1.0,0.9,0.0
cdodgec04,dataisbeautiful,2,2021,0.0,0.0,2.0
chaios24,dataisbeautiful,1,2018,1.0,0.79,0.0
charlie-morton,dataisbeautiful,11,2019,1.0,0.9,0.0
chartbear,dataisbeautiful,12,2020,1.0,0.9,0.0
chartr,dataisbeautiful,1,2021,1.0,0.88,0.0
chartr,dataisbeautiful,2,2021,1.0,0.91,0.0
chartr,dataisbeautiful,3,2019,1.0,0.93,0.0
chartr,dataisbeautiful,3,2020,2.0,0.915,0.0
chartr,dataisbeautiful,5,2019,1.0,0.97,0.0
chartr,dataisbeautiful,5,2020,1.0,0.94,0.0
chartr,dataisbeautiful,6,2019,3.0,0.9433333333333334,0.0
chartr,dataisbeautiful,7,2019,2.0,0.91,0.0
chartr,dataisbeautiful,7,2020,1.0,0.95,0.0
chartr,dataisbeautiful,8,2019,1.0,0.94,0.0
chartr,dataisbeautiful,9,2020,1.0,0.94,0.0
chartr,dataisbeautiful,10,2019,1.0,0.94,0.0
chartr,dataisbeautiful,12,2019,1.0,0.94,0.0
chartr,dataisbeautiful,12,2020,1.0,0.86,0.0
chems4beller,dataisbeautiful,11,2020,1.0,0.88,0.0
citrusvanilla,dataisbeautiful,5,2018,1.0,0.93,0.0
clairejaja,dataisbeautiful,11,2018,1.0,0.93,0.0
cloudy_judgement,dataisbeautiful,2,2021,0.0,0.0,1.0
codenberg,dataisbeautiful,2,2019,1.0,0.95,0.0
codenberg,dataisbeautiful,12,2018,1.0,0.96,0.0
coldrolledpotmetal,dataisbeautiful,2,2021,0.0,0.0,1.0
comeandsee2,dataisbeautiful,2,2021,0.0,0.0,1.0
comedygene,dataisbeautiful,2,2021,0.0,0.0,1.0
comp615,dataisbeautiful,1,2018,1.0,0.94,0.0
computer_crisps,dataisbeautiful,2,2021,0.0,0.0,1.0
concafeina,dataisbeautiful,11,2019,1.0,0.93,0.0
coneyislandimgur,dataisbeautiful,11,2017,1.0,0.88,0.0
conspiracie,dataisbeautiful,7,2018,1.0,0.9,0.0
cookgame,dataisbeautiful,4,2020,1.0,0.94,0.0
cosmic_dozen,dataisbeautiful,8,2017,1.0,0.89,0.0
cottnbals,dataisbeautiful,2,2021,0.0,0.0,1.0
cremepat,dataisbeautiful,5,2020,1.0,0.94,0.0
cremepat,dataisbeautiful,9,2019,1.0,0.94,0.0
croix54,dataisbeautiful,10,2019,1.0,0.89,0.0
crombabydoctor,dataisbeautiful,4,2018,1.0,0.84,0.0
cub3dworld,dataisbeautiful,2,2020,1.0,0.88,0.0
cuteman,dataisbeautiful,2,2021,0.0,0.0,2.0
cwpace97,dataisbeautiful,7,2020,1.0,0.91,0.0
d-qn,dataisbeautiful,5,2018,1.0,0.89,0.0
dUcken,dataisbeautiful,2,2021,0.0,0.0,1.0
da_Aresinger,dataisbeautiful,2,2021,0.0,0.0,1.0
daedalus_dance,dataisbeautiful,5,2018,1.0,0.87,0.0
daern2,dataisbeautiful,2,2021,0.0,0.0,1.0
damsterick,dataisbeautiful,11,2020,2.0,0.945,0.0
dancingchopstix,dataisbeautiful,8,2019,1.0,0.96,0.0
dancingteacup,dataisbeautiful,2,2021,0.0,0.0,1.0
danipaul,dataisbeautiful,2,2020,1.0,0.9,0.0
danipaul,dataisbeautiful,5,2020,2.0,0.915,0.0
danpeace,dataisbeautiful,2,2021,0.0,0.0,1.0
darybrain,dataisbeautiful,2,2021,0.0,0.0,1.0
dashanan,dataisbeautiful,11,2018,1.0,0.94,0.0
data-artist,dataisbeautiful,8,2020,1.0,0.86,0.0
data_n_stuff,dataisbeautiful,9,2020,1.0,0.93,0.0
data_n_stuff,dataisbeautiful,10,2020,1.0,0.9,0.0
dataforever,dataisbeautiful,4,2020,1.0,0.86,0.0
datagist,dataisbeautiful,12,2020,2.0,0.945,0.0
datagnan,dataisbeautiful,11,2019,1.0,0.97,0.0
dataisbeautiful-bot,dataisbeautiful,2,2021,0.0,0.0,14.0
datashown,dataisbeautiful,3,2017,2.0,0.85,0.0
datashown,dataisbeautiful,4,2017,2.0,0.87,0.0
datashown,dataisbeautiful,5,2017,1.0,0.88,0.0
datashown,dataisbeautiful,6,2017,1.0,0.84,0.0
datashown,dataisbeautiful,8,2017,1.0,0.83,0.0
datashown,dataisbeautiful,8,2018,1.0,0.89,0.0
datavizard,dataisbeautiful,9,2017,1.0,0.89,0.0
dav1b,dataisbeautiful,12,2019,1.0,0.9,0.0
davidbauer,dataisbeautiful,4,2018,1.0,0.89,0.0
davidbauer,dataisbeautiful,6,2020,1.0,0.93,0.0
davidc9320,dataisbeautiful,6,2018,1.0,0.88,0.0
davidmasp,dataisbeautiful,1,2021,1.0,0.96,0.0
davidmasp,dataisbeautiful,12,2020,1.0,0.96,0.0
davidwilcock01,dataisbeautiful,2,2021,0.0,0.0,1.0
davisvilums,dataisbeautiful,2,2020,1.0,0.9,0.0
davisvilums,dataisbeautiful,10,2019,1.0,0.93,0.0
davix500,dataisbeautiful,2,2021,0.0,0.0,1.0
davoloid,dataisbeautiful,2,2021,0.0,0.0,1.0
db214,dataisbeautiful,2,2021,0.0,0.0,1.0
dbond09,dataisbeautiful,11,2019,1.0,0.93,0.0
ddoherty958,dataisbeautiful,2,2021,0.0,0.0,3.0
deciphur,dataisbeautiful,2,2021,0.0,0.0,1.0
dect60,dataisbeautiful,1,2021,1.0,0.67,0.0
dect60,dataisbeautiful,2,2021,0.0,0.0,1.0
delta_p_delta_x,dataisbeautiful,2,2021,0.0,0.0,5.0
delugetheory,dataisbeautiful,11,2019,1.0,0.87,0.0
demivus,dataisbeautiful,11,2020,1.0,0.87,0.0
demusdesign,dataisbeautiful,7,2017,1.0,0.87,0.0
desconectado,dataisbeautiful,6,2020,1.0,0.92,0.0
desfirsit,dataisbeautiful,11,2019,1.0,0.91,0.0
dev_kr,dataisbeautiful,12,2020,1.0,0.96,0.0
dev_thetromboneguy,dataisbeautiful,3,2020,1.0,0.85,0.0
devilbunny,dataisbeautiful,2,2021,0.0,0.0,1.0
dhaitz,dataisbeautiful,8,2020,1.0,0.89,0.0
dinoignacio,dataisbeautiful,11,2016,1.0,0.73,0.0
diskomo,dataisbeautiful,2,2017,1.0,0.87,0.0
distant_gradient,dataisbeautiful,12,2017,1.0,0.96,0.0
divergentdata,dataisbeautiful,6,2018,1.0,0.86,0.0
divineartist,dataisbeautiful,11,2020,1.0,0.88,0.0
doctor_who_17,dataisbeautiful,4,2018,1.0,0.92,0.0
doctor_who_17,dataisbeautiful,12,2020,1.0,0.93,0.0
doghaircut,dataisbeautiful,11,2020,1.0,0.88,0.0
domriccobene,dataisbeautiful,10,2020,3.0,0.9266666666666666,0.0
don_salami,dataisbeautiful,2,2021,0.0,0.0,2.0
donatso,dataisbeautiful,10,2019,1.0,0.94,0.0
doughilarious,dataisbeautiful,7,2018,1.0,0.87,0.0
downvoteforwhy,dataisbeautiful,1,2019,1.0,0.95,0.0
dozzinale,dataisbeautiful,4,2017,1.0,0.88,0.0
dpdxguy,dataisbeautiful,2,2021,0.0,0.0,2.0
dragonbeard91,dataisbeautiful,2,2021,0.0,0.0,2.0
dreamfall17,dataisbeautiful,11,2016,1.0,0.81,0.0
drewfurion,dataisbeautiful,9,2020,1.0,0.97,0.0
drivenbydata,dataisbeautiful,3,2018,1.0,0.83,0.0
drooprings,dataisbeautiful,2,2021,0.0,0.0,1.0
dustingibson,dataisbeautiful,12,2020,1.0,0.88,0.0
dwna,dataisbeautiful,9,2018,1.0,0.92,0.0
dx8xb,dataisbeautiful,3,2020,1.0,0.9,0.0
dyqz,dataisbeautiful,10,2020,1.0,0.94,0.0
e8odie,dataisbeautiful,3,2017,1.0,0.83,0.0
eagleeyerattlesnake,dataisbeautiful,2,2019,1.0,0.94,0.0
eccekevin,dataisbeautiful,8,2020,1.0,0.86,0.0
eduardo-radical,dataisbeautiful,2,2021,0.0,0.0,1.0
ekpaudio,dataisbeautiful,2,2021,0.0,0.0,1.0
electrostaticrain,dataisbeautiful,4,2020,1.0,0.83,0.0
elveszett,dataisbeautiful,2,2021,0.0,0.0,1.0
ematlack,dataisbeautiful,2,2021,0.0,0.0,2.0
emer111,dataisbeautiful,2,2021,0.0,0.0,1.0
emfry821,dataisbeautiful,2,2021,0.0,0.0,1.0
emmmmceeee,dataisbeautiful,2,2021,0.0,0.0,1.0
empathy_plz,dataisbeautiful,2,2021,0.0,0.0,1.0
enkrypt3d,dataisbeautiful,2,2021,0.0,0.0,1.0
eortizospina,dataisbeautiful,12,2020,1.0,0.87,0.0
ericjmorey,dataisbeautiful,2,2021,0.0,0.0,1.0
especiallySpatial,dataisbeautiful,11,2020,1.0,0.91,0.0
estebancantbearsedno,dataisbeautiful,2,2021,0.0,0.0,1.0
ettpunktnoll,dataisbeautiful,12,2019,1.0,0.94,0.0
ewand,dataisbeautiful,12,2020,1.0,0.91,0.0
ewat456,dataisbeautiful,8,2020,1.0,0.94,0.0
ewat456,dataisbeautiful,9,2020,1.0,0.92,0.0
exmoor456,dataisbeautiful,10,2020,1.0,0.93,0.0
experimex,dataisbeautiful,2,2018,1.0,0.88,0.0
exyphrius,dataisbeautiful,2,2021,0.0,0.0,1.0
fabiofavusmaximus,dataisbeautiful,11,2020,1.0,0.93,0.0
failian,dataisbeautiful,10,2017,1.0,0.91,0.0
farahad,dataisbeautiful,2,2021,0.0,0.0,1.0
fazhenda,dataisbeautiful,2,2021,0.0,0.0,1.0
februarytide-,dataisbeautiful,2,2021,0.0,0.0,1.0
feelin_cute,dataisbeautiful,2,2021,0.0,0.0,1.0
fhoffa,dataisbeautiful,1,2020,1.0,0.95,0.0
fhoffa,dataisbeautiful,3,2020,1.0,0.95,0.0
fhoffa,dataisbeautiful,11,2019,1.0,0.89,0.0
fiddel_fabulous,dataisbeautiful,2,2021,0.0,0.0,1.0
filbniaglw,dataisbeautiful,2,2021,0.0,0.0,1.0
firthy,dataisbeautiful,2,2021,0.0,0.0,2.0
flashman,dataisbeautiful,5,2017,1.0,0.89,0.0
flavya,dataisbeautiful,9,2020,1.0,0.93,0.0
flexpex,dataisbeautiful,2,2017,1.0,0.83,0.0
fluffybuddha,dataisbeautiful,9,2020,1.0,0.94,0.0
foxfriendstrumptweet,dataisbeautiful,11,2017,1.0,0.83,0.0
fredfery,dataisbeautiful,1,2021,1.0,0.58,0.0
fredfredbur,dataisbeautiful,10,2020,1.0,0.67,0.0
futilon,dataisbeautiful,11,2020,1.0,0.85,0.0
futurephotons,dataisbeautiful,11,2020,1.0,0.92,0.0
ganondorf_the_grey,dataisbeautiful,11,2018,1.0,0.87,0.0
gdmg001,dataisbeautiful,2,2021,0.0,0.0,4.0
geek_at,dataisbeautiful,4,2020,1.0,0.92,0.0
genoohh,dataisbeautiful,8,2017,1.0,0.85,0.0
geogle,dataisbeautiful,2,2021,0.0,0.0,1.0
getToTheChopin,dataisbeautiful,1,2021,1.0,0.92,0.0
gjallard,dataisbeautiful,2,2021,0.0,0.0,1.0
goatcheese3,dataisbeautiful,2,2021,0.0,0.0,1.0
goldencrayfish,dataisbeautiful,2,2021,0.0,0.0,2.0
goldenstatebears,dataisbeautiful,4,2020,1.0,0.92,0.0
grafxguy1,dataisbeautiful,2,2021,0.0,0.0,1.0
graphjerk,dataisbeautiful,12,2020,1.0,0.78,0.0
grasshoppermouse,dataisbeautiful,7,2016,1.0,0.81,0.0
guysguy,dataisbeautiful,5,2020,1.0,0.96,0.0
gzeruy,dataisbeautiful,2,2021,0.0,0.0,3.0
h0twheels,dataisbeautiful,2,2021,0.0,0.0,1.0
haggenballs,dataisbeautiful,8,2018,1.0,0.82,0.0
halberdierbowman,dataisbeautiful,2,2021,0.0,0.0,1.0
halfeatenscone,dataisbeautiful,1,2018,1.0,0.92,0.0
halfeatenscone,dataisbeautiful,11,2017,1.0,0.91,0.0
halhen,dataisbeautiful,4,2017,1.0,0.79,0.0
halhen,dataisbeautiful,6,2017,1.0,0.88,0.0
halhen,dataisbeautiful,7,2017,1.0,0.87,0.0
hareppas,dataisbeautiful,5,2020,1.0,0.92,0.0
harpalss,dataisbeautiful,11,2019,1.0,0.96,0.0
harry29ford,dataisbeautiful,4,2020,2.0,0.93,0.0
hellokath,dataisbeautiful,3,2019,1.0,0.89,0.0
here_walks_the_yeti,dataisbeautiful,2,2021,0.0,0.0,1.0
heresacorrection,dataisbeautiful,2,2021,1.0,0.77,0.0
heresacorrection,dataisbeautiful,3,2020,2.0,0.94,0.0
heresacorrection,dataisbeautiful,7,2020,1.0,0.91,0.0
heresacorrection,dataisbeautiful,11,2020,1.0,0.63,0.0
herrfischerrr,dataisbeautiful,1,2017,1.0,0.91,0.0
heyusoft,dataisbeautiful,12,2018,1.0,0.87,0.0
heyyoheyyoheyyo,dataisbeautiful,2,2021,0.0,0.0,1.0
highnyethestonerguy,dataisbeautiful,2,2021,0.0,0.0,2.0
hiking907,dataisbeautiful,2,2021,0.0,0.0,2.0
hippypizza,dataisbeautiful,3,2020,1.0,0.9,0.0
hnerixh,dataisbeautiful,3,2018,1.0,0.63,0.0
honkhonkbeepbeeep,dataisbeautiful,11,2017,1.0,0.88,0.0
hop-on-poop,dataisbeautiful,10,2020,1.0,0.83,0.0
horatius_thumpdooker,dataisbeautiful,2,2021,0.0,0.0,1.0
hot4you11,dataisbeautiful,2,2021,0.0,0.0,1.0
hotfwah,dataisbeautiful,2,2021,0.0,0.0,1.0
hotpieazorahai,dataisbeautiful,2,2021,0.0,0.0,2.0
houndrunner,dataisbeautiful,9,2017,1.0,0.92,0.0
hunzel,dataisbeautiful,2,2021,0.0,0.0,1.0
iBeavy,dataisbeautiful,2,2021,0.0,0.0,1.0
iFlyAllTheTime,dataisbeautiful,2,2021,0.0,0.0,1.0
i_am_team_stark,dataisbeautiful,1,2017,1.0,0.85,0.0
i_give_you_gum,dataisbeautiful,2,2021,0.0,0.0,2.0
i_like_the_idea,dataisbeautiful,12,2020,1.0,0.94,0.0
iamasatellite,dataisbeautiful,2,2021,0.0,0.0,4.0
iamchairs,dataisbeautiful,2,2021,0.0,0.0,2.0
iamtdb,dataisbeautiful,2,2021,0.0,0.0,1.0
ichbinderLars,dataisbeautiful,2,2021,0.0,0.0,1.0
illiance,dataisbeautiful,2,2021,0.0,0.0,1.0
incrediblejonas,dataisbeautiful,2,2021,0.0,0.0,2.0
indifferentcrayon,dataisbeautiful,2,2021,0.0,0.0,1.0
infobeautiful,dataisbeautiful,1,2020,1.0,0.69,0.0
infobeautiful,dataisbeautiful,8,2019,1.0,0.93,0.0
informatica6,dataisbeautiful,12,2020,1.0,0.93,0.0
inigomlap,dataisbeautiful,5,2020,1.0,0.9,0.0
inkms,dataisbeautiful,11,2020,1.0,0.9,0.0
inspurious_,dataisbeautiful,10,2019,1.0,0.94,0.0
inspurious_,dataisbeautiful,11,2019,1.0,0.93,0.0
insultingDuck,dataisbeautiful,2,2021,0.0,0.0,1.0
intangibleTangelo,dataisbeautiful,2,2021,0.0,0.0,1.0
interestingasphuk,dataisbeautiful,8,2019,1.0,0.96,0.0
internetlad,dataisbeautiful,2,2021,0.0,0.0,1.0
iuhfd,dataisbeautiful,5,2018,1.0,0.86,0.0
iwantaredditaccount,dataisbeautiful,2,2021,0.0,0.0,1.0
izzo31,dataisbeautiful,2,2021,0.0,0.0,1.0
jaces_dream,dataisbeautiful,6,2017,1.0,0.79,0.0
jacobthejones,dataisbeautiful,3,2020,1.0,0.86,0.0
jadedali,dataisbeautiful,7,2018,1.0,0.87,0.0
jamaps,dataisbeautiful,5,2018,1.0,0.91,0.0
japes28,dataisbeautiful,2,2021,0.0,0.0,1.0
jbm64,dataisbeautiful,1,2021,1.0,0.87,0.0
jbm64,dataisbeautiful,3,2019,1.0,0.97,0.0
jbyrdbrrrr,dataisbeautiful,2,2021,0.0,0.0,1.0
jcceagle,dataisbeautiful,1,2021,2.0,0.8049999999999999,0.0
jcceagle,dataisbeautiful,2,2021,3.0,0.81,1.0
jhaluska,dataisbeautiful,2,2021,0.0,0.0,1.0
jimmy_sharp,dataisbeautiful,2,2021,0.0,0.0,1.0
jimngo,dataisbeautiful,11,2019,1.0,0.84,0.0
jinkinson,dataisbeautiful,12,2019,1.0,0.93,0.0
jjpgatx,dataisbeautiful,2,2021,0.0,0.0,1.0
jmdutil,dataisbeautiful,2,2021,0.0,0.0,1.0
jmp6t,dataisbeautiful,6,2018,1.0,0.84,0.0
jobbostatistics,dataisbeautiful,9,2019,1.0,0.9,0.0
johnathanjones1998,dataisbeautiful,9,2020,1.0,0.95,0.0
johntdowney,dataisbeautiful,9,2020,1.0,0.88,0.0
jonny24eh,dataisbeautiful,2,2021,0.0,0.0,2.0
josepharnesen,dataisbeautiful,2,2021,0.0,0.0,1.0
juisu,dataisbeautiful,2,2021,0.0,0.0,1.0
julekca,dataisbeautiful,3,2020,1.0,0.9,0.0
julekca,dataisbeautiful,5,2020,1.0,0.9,0.0
julekca,dataisbeautiful,9,2019,1.0,0.88,0.0
jurgy94,dataisbeautiful,2,2021,0.0,0.0,1.0
justavault,dataisbeautiful,2,2021,0.0,0.0,1.0
jwl836,dataisbeautiful,2,2021,0.0,0.0,1.0
jyar1811,dataisbeautiful,2,2021,0.0,0.0,1.0
kabukistar,dataisbeautiful,3,2017,1.0,0.84,0.0
kaisle51,dataisbeautiful,10,2018,1.0,0.87,0.0
kalleron,dataisbeautiful,2,2021,0.0,0.0,1.0
kaotate,dataisbeautiful,2,2021,0.0,0.0,1.0
karthikvcp,dataisbeautiful,5,2020,1.0,0.91,0.0
kashuntr188,dataisbeautiful,2,2021,0.0,0.0,1.0
kateschaub,dataisbeautiful,3,2020,1.0,0.95,0.0
kaumaron,dataisbeautiful,11,2017,1.0,0.9,0.0
kc2184,dataisbeautiful,7,2019,1.0,0.93,0.0
kelneo,dataisbeautiful,10,2019,1.0,0.9,0.0
keongmanja,dataisbeautiful,3,2018,1.0,0.86,0.0
kepler1,dataisbeautiful,2,2021,0.0,0.0,1.0
kepleronlyknows,dataisbeautiful,2,2021,0.0,0.0,1.0
keshava7,dataisbeautiful,1,2021,1.0,0.79,0.0
keshava7,dataisbeautiful,2,2020,1.0,0.65,0.0
keshava7,dataisbeautiful,6,2020,1.0,0.85,0.0
keshava7,dataisbeautiful,10,2020,1.0,0.9,0.0
kevpluck,dataisbeautiful,2,2020,1.0,0.9,0.0
kevpluck,dataisbeautiful,6,2020,2.0,0.89,0.0
kevpluck,dataisbeautiful,10,2018,1.0,0.88,0.0
kevpluck,dataisbeautiful,11,2017,1.0,0.84,0.0
kevpluck,dataisbeautiful,12,2020,1.0,0.79,0.0
ki85squared,dataisbeautiful,2,2017,1.0,0.81,0.0
kimilil,dataisbeautiful,4,2017,1.0,0.77,0.0
kinkyanalyst,dataisbeautiful,2,2021,0.0,0.0,1.0
kkir,dataisbeautiful,1,2021,1.0,0.93,0.0
koen_vde,dataisbeautiful,2,2021,1.0,0.94,0.0
kraybaybay,dataisbeautiful,2,2021,0.0,0.0,1.0
kushalc,dataisbeautiful,2,2018,1.0,0.91,0.0
kushalc,dataisbeautiful,3,2018,1.0,0.93,0.0
kylekun513,dataisbeautiful,7,2018,1.0,0.9,0.0
labtec901,dataisbeautiful,3,2018,1.0,0.89,0.0
laldoep,dataisbeautiful,2,2021,0.0,0.0,3.0
lansaman,dataisbeautiful,2,2021,0.0,0.0,5.0
lareux33,dataisbeautiful,2,2021,0.0,0.0,1.0
laughlander,dataisbeautiful,10,2017,1.0,0.88,0.0
lazermaniac,dataisbeautiful,2,2021,0.0,0.0,1.0
leblur96,dataisbeautiful,2,2021,0.0,0.0,1.0
lederi,dataisbeautiful,8,2018,1.0,0.86,0.0
lerdnord,dataisbeautiful,2,2021,0.0,0.0,3.0
letgooftheecho,dataisbeautiful,2,2021,0.0,0.0,1.0
lightening211,dataisbeautiful,2,2021,0.0,0.0,1.0
linggghui,dataisbeautiful,9,2020,1.0,0.88,0.0
liquidGhoul,dataisbeautiful,1,2018,1.0,0.9,0.0
llewellynjean,dataisbeautiful,4,2017,1.0,0.91,0.0
llewellynjean,dataisbeautiful,8,2018,1.0,0.93,0.0
lnfinity,dataisbeautiful,6,2020,1.0,0.68,0.0
lolomgwtgbbq,dataisbeautiful,2,2021,0.0,0.0,1.0
lookatnum,dataisbeautiful,9,2020,1.0,0.93,0.0
lookatnum,dataisbeautiful,10,2020,1.0,0.92,0.0
lookatnum,dataisbeautiful,11,2020,1.0,0.97,0.0
lookatnum,dataisbeautiful,12,2020,1.0,0.88,0.0
lukequigley,dataisbeautiful,2,2021,0.0,0.0,1.0
lyon-,dataisbeautiful,2,2020,1.0,0.87,0.0
m-ainm-usaideora,dataisbeautiful,5,2020,1.0,0.95,0.0
m00gmeister,dataisbeautiful,2,2021,0.0,0.0,1.0
mab97,dataisbeautiful,5,2020,1.0,0.86,0.0
mac_n,dataisbeautiful,2,2021,0.0,0.0,1.0
madewulf,dataisbeautiful,8,2017,1.0,0.84,0.0
madewulf,dataisbeautiful,9,2017,1.0,0.9,0.0
madz33,dataisbeautiful,1,2020,1.0,0.96,0.0
madz33,dataisbeautiful,1,2021,1.0,0.92,0.0
majicDave,dataisbeautiful,5,2020,1.0,0.95,0.0
malarkey_biden,dataisbeautiful,2,2021,0.0,0.0,1.0
malxredleader,dataisbeautiful,1,2021,1.0,0.94,0.0
malxredleader,dataisbeautiful,8,2020,2.0,0.925,0.0
malxredleader,dataisbeautiful,10,2020,1.0,0.92,0.0
malxredleader,dataisbeautiful,11,2020,2.0,0.93,0.0
manwhothinks,dataisbeautiful,2,2021,0.0,0.0,1.0
mapmaker666,dataisbeautiful,2,2021,0.0,0.0,5.0
mapsbyy,dataisbeautiful,1,2021,1.0,0.91,0.0
marcusregulus,dataisbeautiful,2,2021,0.0,0.0,1.0
masamunecyrus,dataisbeautiful,7,2020,1.0,0.93,0.0
mastodon_juan,dataisbeautiful,2,2021,0.0,0.0,1.0
matholio,dataisbeautiful,11,2017,1.0,0.88,0.0
matts41,dataisbeautiful,2,2020,2.0,0.865,0.0
matts41,dataisbeautiful,9,2020,1.0,0.89,0.0
maxandron,dataisbeautiful,1,2018,1.0,0.85,0.0
maybeathrowawayac,dataisbeautiful,2,2021,0.0,0.0,1.0
mcaay,dataisbeautiful,4,2018,1.0,0.91,0.0
mcmonkey26,dataisbeautiful,2,2021,0.0,0.0,1.0
meatenigma,dataisbeautiful,1,2018,1.0,0.87,0.0
mechanical_mechanic,dataisbeautiful,12,2018,1.0,0.93,0.0
mediafeener,dataisbeautiful,2,2021,1.0,0.92,0.0
meditationsavage,dataisbeautiful,2,2021,0.0,0.0,1.0
melindseyme,dataisbeautiful,2,2021,0.0,0.0,1.0
mess0358,dataisbeautiful,2,2021,0.0,0.0,1.0
metallicmural99,dataisbeautiful,8,2020,1.0,0.91,0.0
metalstats,dataisbeautiful,5,2020,1.0,0.91,0.0
mfdaniels,dataisbeautiful,5,2019,1.0,0.96,0.0
mhornberger,dataisbeautiful,2,2021,0.0,0.0,1.0
mickelodian,dataisbeautiful,2,2021,0.0,0.0,2.0
mickeybuilds,dataisbeautiful,2,2021,0.0,0.0,1.0
midnightmarauder36,dataisbeautiful,2,2017,1.0,0.69,0.0
mikachoow21,dataisbeautiful,10,2018,1.0,0.86,0.0
mikea0228,dataisbeautiful,2,2018,1.0,0.93,0.0
mikey-brad,dataisbeautiful,12,2019,1.0,0.92,0.0
milamiso,dataisbeautiful,2,2018,1.0,0.86,0.0
minimaxir,dataisbeautiful,3,2018,1.0,0.89,0.0
minimaxir,dataisbeautiful,3,2019,1.0,0.96,0.0
miniprokris,dataisbeautiful,2,2021,0.0,0.0,1.0
miran1,dataisbeautiful,2,2018,1.0,0.83,0.0
mlsswssl,dataisbeautiful,3,2020,1.0,0.88,0.0
moelf,dataisbeautiful,11,2020,1.0,0.87,0.0
mohammedgoldstein,dataisbeautiful,2,2021,0.0,0.0,1.0
mohdattar,dataisbeautiful,2,2021,0.0,0.0,1.0
molotovPopsicle,dataisbeautiful,2,2021,0.0,0.0,1.0
monkeyface4,dataisbeautiful,2,2021,0.0,0.0,1.0
montblanc87,dataisbeautiful,2,2021,0.0,0.0,1.0
mooblue82,dataisbeautiful,1,2021,1.0,0.83,0.0
mookiej,dataisbeautiful,7,2020,1.0,0.78,0.0
mooneyse,dataisbeautiful,1,2018,1.0,0.91,0.0
moonflower_C16H17N3O,dataisbeautiful,2,2021,0.0,0.0,1.0
moonrayswrong,dataisbeautiful,8,2017,1.0,0.91,0.0
morolin,dataisbeautiful,10,2017,1.0,0.89,0.0
moultano,dataisbeautiful,7,2019,1.0,0.96,0.0
mrh9rb,dataisbeautiful,7,2020,1.0,0.87,0.0
mrjeffj,dataisbeautiful,1,2018,1.0,0.9,0.0
mud_tug,dataisbeautiful,12,2018,1.0,0.9,0.0
muteaccordion,dataisbeautiful,2,2021,0.0,0.0,1.0
mvarun93,dataisbeautiful,10,2018,1.0,0.86,0.0
myDataTraining,dataisbeautiful,8,2017,1.0,0.85,0.0
mysticpears,dataisbeautiful,12,2017,1.0,0.67,0.0
naib864,dataisbeautiful,6,2020,1.0,0.94,0.0
namanamaboo,dataisbeautiful,1,2016,1.0,0.92,0.0
nate-rivers,dataisbeautiful,2,2021,0.0,0.0,1.0
nathanthenerd,dataisbeautiful,12,2019,1.0,0.88,0.0
nathanxgarcia,dataisbeautiful,3,2020,1.0,0.86,0.0
nathcun,dataisbeautiful,7,2017,1.0,0.86,0.0
nathcun,dataisbeautiful,8,2020,1.0,0.87,0.0
nathcun,dataisbeautiful,10,2020,1.0,0.88,0.0
nazdarovie,dataisbeautiful,4,2020,1.0,0.94,0.0
necromanticfitz,dataisbeautiful,3,2018,1.0,0.76,0.0
neilrkaye,dataisbeautiful,1,2020,4.0,0.9075,0.0
neilrkaye,dataisbeautiful,2,2021,2.0,0.92,1.0
neilrkaye,dataisbeautiful,4,2019,1.0,0.95,0.0
neilrkaye,dataisbeautiful,5,2019,1.0,0.9,0.0
neilrkaye,dataisbeautiful,7,2019,1.0,0.94,0.0
neilrkaye,dataisbeautiful,8,2019,1.0,0.93,0.0
neilrkaye,dataisbeautiful,9,2019,1.0,0.92,0.0
neilrkaye,dataisbeautiful,10,2018,1.0,0.91,0.0
neilrkaye,dataisbeautiful,10,2020,6.0,0.9266666666666664,0.0
neilrkaye,dataisbeautiful,11,2018,1.0,0.89,0.0
neilrkaye,dataisbeautiful,11,2019,1.0,0.95,0.0
neilrkaye,dataisbeautiful,11,2020,3.0,0.92,0.0
neilrkaye,dataisbeautiful,12,2018,1.0,0.93,0.0
neilrkaye,dataisbeautiful,12,2020,2.0,0.95,0.0
nevadadealers,dataisbeautiful,2,2021,0.0,0.0,2.0
newishtodc,dataisbeautiful,1,2020,1.0,0.69,0.0
newishtodc,dataisbeautiful,1,2021,1.0,0.9,0.0
newishtodc,dataisbeautiful,4,2020,4.0,0.91,0.0
newishtodc,dataisbeautiful,7,2020,1.0,0.81,0.0
newishtodc,dataisbeautiful,11,2020,1.0,0.94,0.0
newishtodc,dataisbeautiful,12,2019,1.0,0.93,0.0
nicholes_erskin,dataisbeautiful,11,2019,1.0,0.86,0.0
nickkuiper11,dataisbeautiful,11,2020,1.0,0.96,0.0
nightpanda893,dataisbeautiful,2,2021,0.0,0.0,1.0
nightshade00013,dataisbeautiful,11,2019,1.0,0.93,0.0
nithrock,dataisbeautiful,12,2017,1.0,0.88,0.0
nixsee,dataisbeautiful,2,2021,0.0,0.0,1.0
njallbeard,dataisbeautiful,2,2021,0.0,0.0,1.0
nkashyap14,dataisbeautiful,2,2021,0.0,0.0,5.0
noeyeon,dataisbeautiful,2,2021,0.0,0.0,1.0
noiamholmstar,dataisbeautiful,2,2021,0.0,0.0,4.0
nonsequitrist,dataisbeautiful,2,2021,0.0,0.0,1.0
notjordansime,dataisbeautiful,2,2021,0.0,0.0,1.0
notrudedude,dataisbeautiful,6,2018,1.0,0.81,0.0
nrgapple,dataisbeautiful,1,2021,1.0,0.92,0.0
ntbananas,dataisbeautiful,2,2021,0.0,0.0,1.0
nullenatr,dataisbeautiful,4,2017,1.0,0.79,0.0
obviouslyducky,dataisbeautiful,2,2020,1.0,0.93,0.0
officepolicy,dataisbeautiful,2,2021,0.0,0.0,1.0
ohlookitsanotherone,dataisbeautiful,2,2021,0.0,0.0,1.0
ohsnap07_,dataisbeautiful,1,2021,1.0,0.93,0.0
okdatamaskin,dataisbeautiful,2,2021,0.0,0.0,1.0
onlylearn,dataisbeautiful,2,2021,0.0,0.0,1.0
onthefence928,dataisbeautiful,2,2021,0.0,0.0,2.0
optiongeek,dataisbeautiful,2,2021,0.0,0.0,3.0
oru_relaxation_undo,dataisbeautiful,2,2021,0.0,0.0,1.0
osmutiar,dataisbeautiful,8,2018,1.0,0.89,0.0
osmutiar,dataisbeautiful,9,2017,1.0,0.87,0.0
osmutiar,dataisbeautiful,10,2017,2.0,0.835,0.0
otana_uk,dataisbeautiful,12,2018,1.0,0.85,0.0
outofthehood,dataisbeautiful,12,2019,1.0,0.87,0.0
p33s,dataisbeautiful,2,2021,0.0,0.0,1.0
p6788,dataisbeautiful,5,2017,1.0,0.87,0.0
padajones,dataisbeautiful,2,2021,0.0,0.0,2.0
palkab,dataisbeautiful,3,2020,1.0,0.87,0.0
pantaloonsofJUSTICE,dataisbeautiful,2,2021,0.0,0.0,1.0
panzercampingwagen,dataisbeautiful,2,2021,0.0,0.0,3.0
paulbrook,dataisbeautiful,2,2021,0.0,0.0,1.0
paustovsky,dataisbeautiful,10,2020,1.0,0.9,0.0
pdipdip,dataisbeautiful,2,2021,0.0,0.0,1.0
pdwp90,dataisbeautiful,5,2020,1.0,0.96,0.0
pdwp90,dataisbeautiful,6,2020,2.0,0.95,0.0
pdwp90,dataisbeautiful,7,2020,4.0,0.9375,0.0
pdwp90,dataisbeautiful,8,2020,2.0,0.955,0.0
pdwp90,dataisbeautiful,9,2020,3.0,0.9333333333333336,0.0
pdwp90,dataisbeautiful,10,2020,1.0,0.9,0.0
petrocity06,dataisbeautiful,4,2020,1.0,0.9,0.0
photosutra,dataisbeautiful,11,2017,1.0,0.84,0.0
physicsJ,dataisbeautiful,2,2020,1.0,0.96,0.0
physicsJ,dataisbeautiful,5,2020,2.0,0.945,0.0
physicsJ,dataisbeautiful,6,2020,2.0,0.96,0.0
physicsJ,dataisbeautiful,7,2020,1.0,0.96,0.0
physicsJ,dataisbeautiful,10,2019,1.0,0.97,0.0
physicsJ,dataisbeautiful,11,2019,1.0,0.95,0.0
physicsJ,dataisbeautiful,12,2019,4.0,0.95,0.0
pie_victis,dataisbeautiful,11,2019,1.0,0.93,0.0
pizzafourlife,dataisbeautiful,2,2021,0.0,0.0,1.0
plantmic,dataisbeautiful,2,2021,0.0,0.0,1.0
plasticBarista,dataisbeautiful,3,2020,1.0,0.94,0.0
plopterd,dataisbeautiful,2,2021,0.0,0.0,1.0
plottal,dataisbeautiful,5,2019,1.0,0.93,0.0
plumitt,dataisbeautiful,2,2021,0.0,0.0,1.0
poof_404,dataisbeautiful,2,2021,0.0,0.0,1.0
poptartsatemyfamily,dataisbeautiful,11,2020,1.0,0.87,0.0
prikhodkop,dataisbeautiful,5,2020,1.0,0.93,0.0
probestia,dataisbeautiful,2,2021,0.0,0.0,1.0
prof_happy,dataisbeautiful,3,2020,1.0,0.92,0.0
prof_sandwich_maker,dataisbeautiful,12,2019,1.0,0.88,0.0
profcyclist,dataisbeautiful,2,2017,1.0,0.85,0.0
profcyclist,dataisbeautiful,3,2017,1.0,0.86,0.0
profcyclist,dataisbeautiful,5,2017,1.0,0.76,0.0
profcyclist,dataisbeautiful,7,2016,1.0,0.81,0.0
ptgorman,dataisbeautiful,1,2021,1.0,0.91,0.0
ptgorman,dataisbeautiful,5,2020,1.0,0.93,0.0
ptgorman,dataisbeautiful,6,2018,1.0,0.88,0.0
ptgorman,dataisbeautiful,11,2018,1.0,0.87,0.0
pvabb,dataisbeautiful,7,2020,1.0,0.9,0.0
quantum-kate,dataisbeautiful,2,2020,1.0,0.92,0.0
qwerty2020,dataisbeautiful,7,2018,1.0,0.92,0.0
qwertygeee,dataisbeautiful,2,2021,0.0,0.0,1.0
ramdasviky,dataisbeautiful,7,2018,1.0,0.92,0.0
raptorman556,dataisbeautiful,1,2021,2.0,0.87,0.0
raptorman556,dataisbeautiful,2,2021,2.0,0.92,0.0
raptorman556,dataisbeautiful,12,2020,1.0,0.9,0.0
rarohde,dataisbeautiful,3,2019,1.0,0.93,0.0
ratherstayback,dataisbeautiful,2,2021,0.0,0.0,1.0
ray1290,dataisbeautiful,2,2021,0.0,0.0,5.0
rd68910,dataisbeautiful,2,2021,0.0,0.0,1.0
re_me,dataisbeautiful,2,2021,0.0,0.0,1.0
readMyFlow,dataisbeautiful,2,2021,0.0,0.0,2.0
realwhirr,dataisbeautiful,2,2020,1.0,0.91,0.0
rebellious_scum,dataisbeautiful,4,2019,1.0,0.97,0.0
rebo2,dataisbeautiful,2,2021,0.0,0.0,1.0
redbirdrising,dataisbeautiful,2,2021,0.0,0.0,1.0
reddit0rboi,dataisbeautiful,2,2021,0.0,0.0,1.0
redditandorreddit,dataisbeautiful,3,2020,1.0,0.91,0.0
redditpirateroberts,dataisbeautiful,6,2017,1.0,0.86,0.0
redroverster,dataisbeautiful,2,2021,0.0,0.0,1.0
refreshing_username,dataisbeautiful,2,2021,0.0,0.0,2.0
renditeranger,dataisbeautiful,2,2021,0.0,0.0,1.0
renec112,dataisbeautiful,4,2019,1.0,0.97,0.0
repliers_beware,dataisbeautiful,6,2018,1.0,0.9,0.0
resumethrowaway222,dataisbeautiful,2,2021,0.0,0.0,1.0
revgodless,dataisbeautiful,10,2020,1.0,0.88,0.0
rhodesc,dataisbeautiful,2,2021,0.0,0.0,2.0
ricckli,dataisbeautiful,12,2017,1.0,0.89,0.0
richardepommedeterre,dataisbeautiful,2,2021,0.0,0.0,1.0
richieahb,dataisbeautiful,6,2018,1.0,0.86,0.0
riemannzetajones,dataisbeautiful,2,2021,0.0,0.0,1.0
rm-code,dataisbeautiful,2,2021,0.0,0.0,2.0
robbibt,dataisbeautiful,11,2017,1.0,0.92,0.0
rocketeeter,dataisbeautiful,2,2018,1.0,0.85,0.0
roe_boat,dataisbeautiful,3,2020,1.0,0.92,0.0
rollyobx,dataisbeautiful,2,2021,0.0,0.0,6.0
rooster_butt,dataisbeautiful,2,2021,0.0,0.0,1.0
rrreaderrr,dataisbeautiful,9,2017,1.0,0.92,0.0
rtphokie,dataisbeautiful,2,2021,1.0,0.95,19.0
rtphokie,dataisbeautiful,12,2016,1.0,0.83,0.0
ryanthemusefan,dataisbeautiful,2,2021,0.0,0.0,3.0
ryanwal765,dataisbeautiful,2,2021,0.0,0.0,1.0
ryfry314,dataisbeautiful,5,2020,1.0,0.9,0.0
ryfry314,dataisbeautiful,8,2020,1.0,0.9,0.0
sam_data,dataisbeautiful,12,2019,1.0,0.93,0.0
samcelrath,dataisbeautiful,2,2021,0.0,0.0,3.0
samvimesmusic,dataisbeautiful,7,2020,1.0,0.92,0.0
sandusky_hohoho,dataisbeautiful,4,2017,1.0,0.86,0.0
sandusky_hohoho,dataisbeautiful,4,2018,1.0,0.95,0.0
sandusky_hohoho,dataisbeautiful,7,2016,1.0,0.86,0.0
sandusky_hohoho,dataisbeautiful,9,2020,1.0,0.95,0.0
sandusky_hohoho,dataisbeautiful,11,2017,1.0,0.88,0.0
sauravkoli,dataisbeautiful,12,2020,1.0,0.94,0.0
savagedata,dataisbeautiful,9,2017,1.0,0.85,0.0
sbtokarz,dataisbeautiful,2,2021,0.0,0.0,1.0
sciendias,dataisbeautiful,3,2019,1.0,0.97,0.0
scizormytimbers,dataisbeautiful,2,2021,0.0,0.0,1.0
scnottaken,dataisbeautiful,2,2021,0.0,0.0,1.0
sdbernard,dataisbeautiful,2,2020,1.0,0.94,0.0
sdbernard,dataisbeautiful,4,2020,1.0,0.94,0.0
sdbernard,dataisbeautiful,6,2018,1.0,0.93,0.0
sethstorm,dataisbeautiful,2,2021,0.0,0.0,2.0
sgtedrock,dataisbeautiful,2,2021,0.0,0.0,1.0
shablyka,dataisbeautiful,2,2018,1.0,0.83,0.0
shadow1515,dataisbeautiful,2,2021,0.0,0.0,2.0
shahinrostami,dataisbeautiful,4,2020,2.0,0.93,0.0
shahinrostami,dataisbeautiful,5,2020,1.0,0.9,0.0
shahinrostami,dataisbeautiful,6,2020,1.0,0.91,0.0
shahinrostami,dataisbeautiful,8,2020,1.0,0.87,0.0
shakespears_ghost,dataisbeautiful,2,2021,0.0,0.0,1.0
shane-alytics,dataisbeautiful,7,2020,1.0,0.92,0.0
shawmonster,dataisbeautiful,2,2021,0.0,0.0,1.0
shdhtbs,dataisbeautiful,2,2021,0.0,0.0,1.0
shift2future,dataisbeautiful,8,2020,1.0,0.96,0.0
shift2future,dataisbeautiful,10,2020,1.0,0.9,0.0
shockingdevelopment,dataisbeautiful,2,2021,0.0,0.0,2.0
shockinglyclad,dataisbeautiful,8,2020,1.0,0.83,0.0
shymmq,dataisbeautiful,2,2021,0.0,0.0,1.0
siaappchallenger,dataisbeautiful,2,2019,1.0,0.96,0.0
siaappchallenger,dataisbeautiful,3,2019,1.0,0.96,0.0
sickgraphs,dataisbeautiful,7,2019,2.0,0.96,0.0
silspd,dataisbeautiful,9,2016,1.0,0.85,0.0
siradia,dataisbeautiful,2,2021,0.0,0.0,1.0
sirmiseria,dataisbeautiful,2,2021,0.0,0.0,1.0
sjaquemate,dataisbeautiful,5,2020,2.0,0.885,0.0
sjaquemate,dataisbeautiful,12,2020,1.0,0.88,0.0
skeeter1234,dataisbeautiful,2,2021,0.0,0.0,1.0
skend,dataisbeautiful,7,2017,1.0,0.9,0.0
skullyrocketman,dataisbeautiful,2,2021,0.0,0.0,1.0
slykethephoxenix,dataisbeautiful,2,2021,0.0,0.0,2.0
smcberlin,dataisbeautiful,2,2021,0.0,0.0,1.0
smillersmalls,dataisbeautiful,2,2021,0.0,0.0,2.0
soSpursy7,dataisbeautiful,4,2020,1.0,0.93,0.0
solifugo,dataisbeautiful,2,2021,0.0,0.0,1.0
songford,dataisbeautiful,2,2021,0.0,0.0,1.0
sorenriise,dataisbeautiful,2,2021,0.0,0.0,2.0
southcongresser,dataisbeautiful,1,2021,1.0,0.93,0.0
southern_boy,dataisbeautiful,2,2021,0.0,0.0,1.0
sovelis025,dataisbeautiful,2,2021,0.0,0.0,1.0
space_coder,dataisbeautiful,2,2021,0.0,0.0,1.0
spat31,dataisbeautiful,1,2021,1.0,0.87,0.0
spectrumpositive,dataisbeautiful,7,2020,1.0,0.92,0.0
spicer2,dataisbeautiful,9,2020,1.0,0.92,0.0
splityoassintwo,dataisbeautiful,4,2018,1.0,0.87,0.0
spock_block,dataisbeautiful,2,2021,0.0,0.0,1.0
spoony20,dataisbeautiful,7,2020,1.0,0.95,0.0
sprintingman,dataisbeautiful,12,2020,1.0,0.85,0.0
squables-,dataisbeautiful,2,2021,0.0,0.0,1.0
squarific,dataisbeautiful,3,2018,1.0,0.89,0.0
squishyowl,dataisbeautiful,2,2021,0.0,0.0,1.0
staminxxx,dataisbeautiful,2,2021,0.0,0.0,1.0
staszkon,dataisbeautiful,2,2021,0.0,0.0,1.0
statisticallysound,dataisbeautiful,11,2020,1.0,0.93,0.0
stepdoe,dataisbeautiful,11,2020,1.0,0.9,0.0
sticky-light,dataisbeautiful,11,2020,1.0,0.84,0.0
subitizer21,dataisbeautiful,8,2017,1.0,0.81,0.0
sugar-man,dataisbeautiful,5,2020,1.0,0.81,0.0
suity1,dataisbeautiful,12,2018,1.0,0.93,0.0
sumisel,dataisbeautiful,4,2018,1.0,0.87,0.0
superpaow,dataisbeautiful,8,2017,1.0,0.93,0.0
svenliden,dataisbeautiful,10,2020,1.0,0.91,0.0
svvaffles,dataisbeautiful,8,2019,1.0,0.81,0.0
swinnflu,dataisbeautiful,2,2021,0.0,0.0,1.0
switch495,dataisbeautiful,2,2021,0.0,0.0,1.0
symiriscool,dataisbeautiful,2,2021,0.0,0.0,2.0
symmy546,dataisbeautiful,1,2021,1.0,0.95,0.0
symmy546,dataisbeautiful,2,2021,1.0,0.95,0.0
t-ara-fan,dataisbeautiful,2,2021,0.0,0.0,1.0
takeasecond,dataisbeautiful,1,2021,1.0,0.75,0.0
takeasecond,dataisbeautiful,2,2020,1.0,0.95,0.0
takeasecond,dataisbeautiful,5,2020,1.0,0.95,0.0
takeasecond,dataisbeautiful,6,2019,1.0,0.96,0.0
takeasecond,dataisbeautiful,6,2020,1.0,0.93,0.0
takeasecond,dataisbeautiful,9,2019,1.0,0.93,0.0
talentworks,dataisbeautiful,10,2018,1.0,0.93,0.0
taracala,dataisbeautiful,9,2020,1.0,0.92,0.0
tchp86,dataisbeautiful,2,2021,1.0,0.92,0.0
tchp86,dataisbeautiful,4,2020,1.0,0.87,0.0
tchp86,dataisbeautiful,5,2020,1.0,0.86,0.0
tchp86,dataisbeautiful,12,2020,1.0,0.91,0.0
teleksterling,dataisbeautiful,12,2017,1.0,0.92,0.0
teryret,dataisbeautiful,2,2021,0.0,0.0,1.0
tetrakishexahedron,dataisbeautiful,12,2020,1.0,0.9,0.0
texas_deservesbetter,dataisbeautiful,2,2021,0.0,0.0,1.0
textureflow,dataisbeautiful,5,2018,1.0,0.83,0.0
textureflow,dataisbeautiful,7,2018,1.0,0.87,0.0
textureflow,dataisbeautiful,8,2019,1.0,0.92,0.0
tgwhite,dataisbeautiful,1,2021,1.0,0.81,0.0
th3cr1t1c,dataisbeautiful,2,2021,0.0,0.0,1.0
th533,dataisbeautiful,1,2020,1.0,0.95,0.0
theWoodman420,dataisbeautiful,2,2021,0.0,0.0,1.0
the_read_menace,dataisbeautiful,2,2021,0.0,0.0,1.0
thearrowhead,dataisbeautiful,3,2020,1.0,0.85,0.0
thearrowhead,dataisbeautiful,10,2018,1.0,0.93,0.0
thecrispiestbacon,dataisbeautiful,3,2018,1.0,0.87,0.0
theimpossiblesalad,dataisbeautiful,2,2020,3.0,0.9433333333333334,0.0
theimpossiblesalad,dataisbeautiful,3,2020,1.0,0.84,0.0
theimpossiblesalad,dataisbeautiful,4,2020,1.0,0.8,0.0
theimpossiblesalad,dataisbeautiful,6,2019,2.0,0.94,0.0
theimpossiblesalad,dataisbeautiful,7,2020,1.0,0.94,0.0
theimpossiblesalad,dataisbeautiful,8,2019,1.0,0.86,0.0
theimpossiblesalad,dataisbeautiful,8,2020,2.0,0.94,0.0
theimpossiblesalad,dataisbeautiful,9,2019,1.0,0.91,0.0
theimpossiblesalad,dataisbeautiful,10,2019,2.0,0.895,0.0
theimpossiblesalad,dataisbeautiful,10,2020,1.0,0.95,0.0
theimpossiblesalad,dataisbeautiful,11,2020,2.0,0.8899999999999999,0.0
theimpossiblesalad,dataisbeautiful,12,2020,1.0,0.95,0.0
thelatestbuzz,dataisbeautiful,2,2020,1.0,0.92,0.0
theonlydjorkaeff1,dataisbeautiful,9,2018,1.0,0.84,0.0
theorange1990,dataisbeautiful,5,2020,1.0,0.93,0.0
theotheredmund,dataisbeautiful,2,2017,1.0,0.88,0.0
thephantom1492,dataisbeautiful,2,2021,0.0,0.0,1.0
theslavvv,dataisbeautiful,10,2020,1.0,0.95,0.0
thewholetruthis,dataisbeautiful,2,2021,0.0,0.0,1.0
this_toe_shall_pass,dataisbeautiful,2,2021,0.0,0.0,8.0
tigeer,dataisbeautiful,1,2020,1.0,0.92,0.0
tigeer,dataisbeautiful,2,2020,1.0,0.87,0.0
tigeer,dataisbeautiful,3,2020,2.0,0.855,0.0
tigeer,dataisbeautiful,4,2020,1.0,0.84,0.0
tigeer,dataisbeautiful,10,2019,1.0,0.88,0.0
tigeer,dataisbeautiful,11,2019,1.0,0.93,0.0
tigeer,dataisbeautiful,12,2019,1.0,0.93,0.0
tildenpark,dataisbeautiful,7,2020,1.0,0.76,0.0
timmeh87,dataisbeautiful,2,2021,0.0,0.0,1.0
tinkletwit,dataisbeautiful,2,2021,0.0,0.0,1.0
tipfom,dataisbeautiful,1,2020,1.0,0.89,0.0
tmanchester,dataisbeautiful,2,2018,2.0,0.865,0.0
toddrjones,dataisbeautiful,5,2020,2.0,0.925,0.0
toddrjones,dataisbeautiful,11,2020,1.0,0.85,0.0
toddsnyderny,dataisbeautiful,3,2018,1.0,0.92,0.0
toddsnyderny,dataisbeautiful,4,2018,1.0,0.82,0.0
tonyk999,dataisbeautiful,2,2021,0.0,0.0,4.0
tootsaysthetrain,dataisbeautiful,6,2019,1.0,0.96,0.0
tottocotunio,dataisbeautiful,5,2020,1.0,0.92,0.0
transitmapper,dataisbeautiful,8,2018,1.0,0.91,0.0
trevorData,dataisbeautiful,10,2019,1.0,0.94,0.0
tridoc,dataisbeautiful,2,2021,0.0,0.0,1.0
trix2705,dataisbeautiful,2,2021,0.0,0.0,1.0
trowawufei,dataisbeautiful,2,2021,0.0,0.0,1.0
tseepra,dataisbeautiful,5,2018,1.0,0.91,0.0
tseepra,dataisbeautiful,9,2017,1.0,0.91,0.0
tseepra,dataisbeautiful,9,2020,1.0,0.95,0.0
tsunakata,dataisbeautiful,12,2020,1.0,0.89,0.0
tthrivi,dataisbeautiful,2,2021,0.0,0.0,1.0
twitchy-y,dataisbeautiful,8,2020,1.0,0.91,0.0
twotall88,dataisbeautiful,2,2021,0.0,0.0,1.0
twowaysplit,dataisbeautiful,2,2021,0.0,0.0,1.0
txafer,dataisbeautiful,8,2017,1.0,0.89,0.0
tyler_bridgewater,dataisbeautiful,2,2021,0.0,0.0,1.0
tylermw8,dataisbeautiful,10,2020,1.0,0.94,0.0
umbrellacorgi,dataisbeautiful,2,2021,0.0,0.0,1.0
umbrellasinjanuary,dataisbeautiful,2,2021,0.0,0.0,1.0
ummendes,dataisbeautiful,2,2021,0.0,0.0,1.0
undeadcrayon,dataisbeautiful,2,2021,0.0,0.0,1.0
under_gong,dataisbeautiful,2,2021,0.0,0.0,1.0
underlander,dataisbeautiful,5,2019,1.0,0.96,0.0
uniballing,dataisbeautiful,2,2021,0.0,0.0,1.0
unknownhero96,dataisbeautiful,2,2021,0.0,0.0,1.0
urbanachiever77,dataisbeautiful,12,2017,1.0,0.92,0.0
usefulbuns,dataisbeautiful,2,2021,0.0,0.0,1.0
utstudent2,dataisbeautiful,9,2017,1.0,0.86,0.0
valouhhh,dataisbeautiful,10,2017,1.0,0.84,0.0
vanhalenbr,dataisbeautiful,2,2021,0.0,0.0,1.0
vardhanisation,dataisbeautiful,2,2021,0.0,0.0,1.0
vastava_viz,dataisbeautiful,10,2020,1.0,0.84,0.0
veritascabal,dataisbeautiful,2,2021,0.0,0.0,1.0
vinnivinnivinni,dataisbeautiful,5,2017,1.0,0.9,0.0
visyuval,dataisbeautiful,6,2020,1.0,0.94,0.0
vros1607,dataisbeautiful,1,2020,1.0,0.92,0.0
vvvvfl,dataisbeautiful,2,2021,0.0,0.0,1.0
waitingforgoodoh,dataisbeautiful,4,2018,1.0,0.87,0.0
waitingforgoodoh,dataisbeautiful,12,2020,1.0,0.84,0.0
waldo667,dataisbeautiful,2,2021,0.0,0.0,1.0
wander7,dataisbeautiful,2,2021,0.0,0.0,2.0
wanderbishop,dataisbeautiful,3,2020,1.0,0.92,0.0
wcd-fyi,dataisbeautiful,1,2021,1.0,0.94,0.0
weather-jake,dataisbeautiful,2,2021,0.0,0.0,1.0
websilversurfer,dataisbeautiful,2,2021,0.0,0.0,1.0
wequiock_falls,dataisbeautiful,8,2020,1.0,0.93,0.0
werrrrrd,dataisbeautiful,2,2021,0.0,0.0,2.0
whatweshouldcallyou,dataisbeautiful,5,2019,1.0,0.95,0.0
when124566,dataisbeautiful,1,2021,1.0,0.77,0.0
whevblsht,dataisbeautiful,2,2021,0.0,0.0,2.0
whiteshark21,dataisbeautiful,2,2021,0.0,0.0,1.0
who_you_are,dataisbeautiful,2,2021,0.0,0.0,1.0
whooo_me,dataisbeautiful,2,2021,0.0,0.0,1.0
williamanon,dataisbeautiful,2,2021,0.0,0.0,1.0
willikinwolf,dataisbeautiful,10,2020,1.0,0.89,0.0
wolf1moon,dataisbeautiful,2,2021,0.0,0.0,1.0
worldwideengineering,dataisbeautiful,4,2020,4.0,0.8875,0.0
wtfjen,dataisbeautiful,9,2020,1.0,0.9,0.0
wunderbarn99,dataisbeautiful,2,2021,0.0,0.0,1.0
xHamsterOfficial,dataisbeautiful,9,2020,1.0,0.88,0.0
xamaxin,dataisbeautiful,1,2020,1.0,0.79,0.0
xangg,dataisbeautiful,1,2018,1.0,0.89,0.0
xangg,dataisbeautiful,8,2020,1.0,0.94,0.0
yesitsindefinite,dataisbeautiful,6,2018,1.0,0.81,0.0
yombato,dataisbeautiful,7,2016,1.0,0.9,0.0
yombato,dataisbeautiful,7,2017,1.0,0.91,0.0
yoseflerner,dataisbeautiful,2,2018,1.0,0.89,0.0
youthofoldage,dataisbeautiful,2,2021,0.0,0.0,2.0
yuri_thefury,dataisbeautiful,2,2021,0.0,0.0,1.0
zakerytclarke,dataisbeautiful,2,2018,1.0,0.92,0.0
zaydayo,dataisbeautiful,4,2020,1.0,0.88,0.0
zeekar,dataisbeautiful,2,2021,0.0,0.0,1.0
zephyy,dataisbeautiful,2,2021,0.0,0.0,1.0
zeus_amador,dataisbeautiful,2,2021,0.0,0.0,1.0
ziyi_ewe,dataisbeautiful,11,2019,1.0,0.82,0.0
zonination,dataisbeautiful,3,2018,1.0,0.9,0.0
zonination,dataisbeautiful,7,2019,1.0,0.91,0.0
zonination,dataisbeautiful,8,2018,1.0,0.91,0.0
zonination,dataisbeautiful,9,2018,1.0,0.92,0.0
zschultz,dataisbeautiful,2,2021,0.0,0.0,1.0
zumbov,dataisbeautiful,12,2020,1.0,0.94,0.0
